country,year,gdp_per_capita,investment_rate,population_growth,school_enrollment,gdp_pc_t10,growth_10y_avg,n_g_delta,ln_y0,ln_s,ln_ngd,ln_h
ABW,2010,25429.2180974853,28.2831797071863,0.230041095930877,98.2207412719727,22729.8897593533,-0.011221804386716272,0.05230041095930877,10.143654110695536,-1.2629029146753503,-2.9507510502115624,4.587217407639967
AFE,2000,1205.98105360593,18.9834572520083,2.59538933998788,27.7371292114258,1449.48915951845,0.018391780250812763,0.07595389339987879,7.0950486670525565,-1.6616022570226843,-2.577628788583026,3.322771920397422
AFE,2010,1449.48915951845,21.5855677899219,2.73452519643287,38.864860534668,1399.39849841898,-0.003516869026719949,0.0773452519643287,7.278966469560684,-1.53314525248891,-2.5594760876308507,3.660090514220013
AGO,2010,3540.79159568381,29.7638327935383,3.85109824897149,28.2108038778932,2864.16146036893,-0.021207469341112884,0.0885109824897149,8.172105595729748,-1.2118761942104803,-2.4246286387385343,3.3397050208111287
ALB,2010,3579.82413181046,32.4926226328977,-0.49646196338738,93.6818237304688,4980.61699524696,0.03302401039768412,0.0450353803661262,8.183068952995455,-1.1241571183307109,-3.100306867770636,4.539904186760824
ARB,1990,4290.84865100714,30.1814997503642,3.28626669219108,54.0517387390137,4910.08259157072,0.013480622863522385,0.0828626669219108,8.364239813105703,-1.19794104036537,-2.490570656972115,3.989941712652238
ARB,2000,4910.08259157072,19.8200202599509,2.41543527490979,59.2162818908691,5948.12916468842,0.01917859812537106,0.0741543527490979,8.499046041740927,-1.618477634889451,-2.6016065101777577,4.081196536015965
ARB,2010,5948.12916468842,26.835298569653,1.99515168852155,64.951042175293,5904.57124162288,-0.0007349906377369208,0.0699515168852155,8.690832022994638,-1.3154520542928916,-2.6599528928274916,4.173633788796852
ARG,1990,8115.09386370753,13.9969815756662,1.49157462934909,72.95556640625,10631.6503639029,0.0270109668017108,0.0649157462934909,9.001481046574039,-1.9663284813563573,-2.7346650607638345,4.289850576461463
ARG,2000,10631.6503639029,17.5334874363903,1.13312807570195,96.2141189575195,13387.1553748458,0.023046025752508116,0.0613312807570195,9.271590714591147,-1.7410575658034255,-2.7914652765194177,4.566576113612663
ARG,2010,13387.1553748458,17.7055338062046,1.05636332156278,99.0709991455078,11393.0505957877,-0.016129212047408005,0.0605636332156278,9.502050972116228,-1.731292950853051,-2.804060677999456,4.595836756181966
ARM,2000,1229.21510436102,21.92233140183,1.68478463633775,86.0512008666992,2796.08143428043,0.08218431100673804,0.0668478463633775,7.114131118141311,-1.5176643699915184,-2.70533619190859,4.454942478012806
ARM,2010,2796.08143428043,38.8147549853077,-0.693856288987436,107.732391357422,4032.09043454955,0.03660660104947402,0.04306143711012564,7.935974228208692,-0.9463697285216782,-3.1451274130063314,4.679650294352319
AUT,2000,38571.0858780001,25.9400787116929,0.240466652446524,98.6123428344727,43035.4073531933,0.010952027842298585,0.05240466652446524,10.560258204241288,-1.349380972729189,-2.9487596358099686,4.591196434651122
AUT,2010,43035.4073531933,22.8592812354211,0.240394299500766,100.263969421387,43428.6983137234,0.0009097270362081744,0.052403942995007655,10.669778482664274,-1.4758129701358118,-2.9487734424897996,4.607806402328195
AZE,2010,5300.11048729062,18.0595784763923,1.18978770786007,83.0853181521079,5087.50022783627,-0.004094107144714166,0.0618978770786007,8.575482945981532,-1.7114939784492518,-2.782269395863541,4.419868009382265
BEL,2000,35878.3153586195,23.7829613022103,0.242517956221334,146.919784545898,39991.5646206286,0.010853546340298692,0.05242517956221334,10.487888362969542,-1.4362007733696338,-2.9483682770743473,4.989886754478148
BEL,2010,39991.5646206286,22.3942744569467,0.913639391631709,160.66047668457,40769.0218072962,0.001925397619968905,0.05913639391631709,10.59642382637253,-1.4963648644001144,-2.8279087417919713,5.079293297780789
BEN,2000,861.213292013209,16.0084024487125,3.07665265205002,20.0005397796631,928.246655329144,0.007495529018601665,0.0807665265205002,6.75834219966419,-1.8320564485483815,-2.516192675027371,2.99575926217295
BFA,1990,332.153276660935,18.9133966293571,2.6348206163474,6.78861999511719,428.309796566198,0.02542502184343638,0.076348206163474,5.805596539066159,-1.665299698646071,-2.5724507425054375,1.9152476801363711
BFA,2000,428.309796566198,14.5706990626075,2.98414422391968,9.85589981079102,561.847221302489,0.027138320721953147,0.0798414422391968,6.059846757500523,-1.926157587343252,-2.5277125830238862,2.288070241438261
BFA,2010,561.847221302489,21.9904340000138,2.92577947499021,21.1780201888507,713.8421779224,0.02394319338623685,0.0792577947499021,6.3312299647200545,-1.514562645371804,-2.5350495145957854,3.0529638603013534
BGD,1990,473.444821021085,16.4586755151535,1.9903336888239,19.8893508911133,620.560472822105,0.0270587686549316,0.06990333688823899,6.160035371561115,-1.804317460856904,-2.6606418928526256,2.990184457396864
BGD,2000,620.560472822105,23.8085625731369,1.82732806740512,46.7210006713867,943.66422864236,0.04191473547648785,0.0682732806740512,6.430623058110431,-1.435124898032541,-2.6842367943041334,3.844193756770623
BGD,2010,943.66422864236,26.2466561760577,0.876530534249878,49.5031106793162,1604.6659234742,0.0530900453655037,0.05876530534249878,6.849770412875309,-1.3376315888336903,-2.834203643418327,3.902035509606556
BGR,2000,3717.92889906166,19.0461434857678,-0.493896416633318,79.8759078979492,6428.71742590538,0.054760828547400386,0.045061035833666815,8.220922044661648,-1.6583055466014458,-3.0997373563668273,4.380474279117598
BGR,2010,6428.71742590538,22.5179685624585,-0.658275446635908,94.1819229125977,8440.08304721192,0.02722170971229936,0.043417245533640916,8.768530330135652,-1.4908565927153081,-3.1368985542770704,4.545228262026786
BHR,1990,18345.8379968815,14.4494275559834,3.45248907691035,82.7652893066406,25407.9694054552,0.032566014431785105,0.0845248907691035,9.817158015597903,-1.9345153877172439,-2.470709222680019,4.416008762225147
BHR,2000,25407.9694054552,16.5750590582953,2.63695278007044,91.4384078979492,22224.0736166249,-0.013388678244399266,0.0763695278007044,10.142818159915754,-1.797271086827774,-2.57217151314791,4.515665607895223
BHR,2010,22224.0736166249,28.5983559958528,4.16585991920366,90.1969414818577,23586.9309581516,0.005951668719338521,0.0916585991920366,10.008931377471761,-1.2518209524769657,-2.3896844826708246,4.501995518310287
BHS,1990,30995.4830715942,29.414718888187,1.7426138665052,84.7572708129883,32424.7271786716,0.004507982974709534,0.067426138665052,10.341596765483004,-1.2236749944677374,-2.6967225222227538,4.439791533884393
BHS,2010,30657.4319059659,27.9860060064819,1.27841716584672,91.0886370856719,24791.6704945106,-0.0212367379931921,0.0627841716584672,10.330630388512159,-1.27346558623007,-2.7680522809313053,4.511833066362116
BIH,2010,3981.20985692032,21.9146685888149,-1.77665932121615,85.5183715820312,5490.75366635139,0.032147976869149095,0.0322334067878385,8.289341036235497,-1.518013974804566,-3.434751886356826,4.448731225165425
BLR,1990,2888.81296582486,26.5588914549654,0.19006508287506,97.5836486816406,2615.36376799462,-0.009944248321730863,0.0519006508287506,7.968600958261421,-1.3258055996392382,-2.9584239488359216,4.580709945384075
BLR,2010,5616.0941173307,40.6563662623236,-0.218522755959381,111.028998547015,6251.98898968645,0.01072632261040205,0.04781477244040619,8.633391704349176,-0.9000147506373144,-3.040420640359452,4.709791415364279
BLZ,2000,5663.64632374973,26.2033579229094,3.26709202067925,67.7030181884766,5937.75398343789,0.004726303300285828,0.0826709202067925,8.641823190583125,-1.3392826184369298,-2.4928873686945567,4.215130760733598
BLZ,2010,5937.75398343789,15.4511716601437,2.41171251993503,75.6223037349759,5006.48453276935,-0.017059696587276997,0.0741171251993503,8.689086223585983,-1.8674853499117048,-2.602108664078764,4.325751262624191
BMU,2010,118382.908990645,13.0430267361979,0.251394586009326,89.5964279174805,98999.5076617935,-0.01788094852802775,0.05251394586009326,11.681679641271442,-2.036916544751713,-2.9466765092290554,4.49531545219377
BOL,2000,2014.19024658446,18.1434786934628,1.71712723342906,72.7576370239258,2481.40700850945,0.02086084895471547,0.0671712723342906,7.607972530875074,-1.706858990476829,-2.7005096178805195,4.287133876815872
BOL,2010,2481.40700850945,17.0070184588469,1.64440681785103,87.7601876397411,2765.0927177231,0.01082484256024161,0.0664440681785103,7.816581020422229,-1.7715440766107966,-2.7113947652489885,4.474607954065659
BRN,2000,37509.5983847742,18.7374704379378,2.17184750364769,82.8583526611328,33121.3178241724,-0.01244197390496211,0.0717184750364769,10.532352136134428,-1.674644900255734,-2.6350068932086153,4.417132555461194
BRN,2010,33121.3178241724,23.6902575256773,1.89897689252094,101.011688232422,30015.9588506697,-0.009844791619298476,0.0689897689252094,10.407932397084807,-1.4401062972273773,-2.6737970618251574,4.615236235219115
BTN,2000,1259.6237645235,54.0420474077414,2.42228077592733,30.5185794830322,2378.72810760985,0.06357528594798093,0.0742228077592733,7.138568355771268,-0.6154077867199752,-2.6006837938405836,3.4183356615267755
BTN,2010,2378.72810760985,62.9334525245912,1.0954380761045,62.9354400634766,3092.12428399363,0.02622923889891853,0.060954380761045,7.774321215251077,-0.4630923270177086,-2.797629550969218,4.142109440067899
BWA,1990,4039.46544455099,37.3669769651251,2.75036067045791,43.0783309936523,5062.64289173588,0.022577629004903697,0.0775036067045791,8.3038676464955,-0.9843828404611362,-2.5574308055820993,3.7630201095147693
BWA,2000,5062.64289173588,29.551080393757,2.13210606291764,76.1968231201172,5584.5034321846,0.009810686002736446,0.0713210606291764,8.529643936544536,-1.219049881255881,-2.6405636146847584,4.333319770486448
CAF,1990,519.786735961912,12.708059808033,3.10993470955643,12.1238403320312,437.168928414826,-0.01730989200244597,0.0810993470955643,6.253418604301803,-2.0629337632625764,-2.512080368502741,2.4951737895304142
CAN,2000,37906.8601321366,20.6144677111521,0.931281553452429,101.992736816406,41164.3399119626,0.008244024361167668,0.05931281553452429,10.542887380815863,-1.579177040625735,-2.82492988276061,4.62490160306659
CAN,2010,41164.3399119626,23.4820046985497,1.11135202971694,102.510261535645,42366.1285377884,0.002877684229678579,0.0611135202971694,10.62532762442754,-1.4489358156885446,-2.7950221558243173,4.629962906110415
CEB,2000,7450.86082262,25.5518988588474,-0.563773690484113,92.1335372924805,10998.6534832885,0.03894432823185756,0.044362263095158866,8.916084851359006,-1.3644585527712572,-3.1153661012287097,4.523239016961889
CEB,2010,10998.6534832885,22.9917805306206,-0.362321893446287,100.192092895508,14621.1363727276,0.028469532387832962,0.04637678106553713,9.305528133677582,-1.4700334021640735,-3.070956353066151,4.607089272318469
CHE,2000,73749.9389517966,27.2341910868659,0.561954617400164,94.5499114990234,81315.4228307049,0.009765553382984038,0.05561954617400164,11.208435446429474,-1.3006969768285026,-2.8892205896126693,4.549127859081008
CHE,2010,81315.4228307049,25.8955591965806,1.0415580576588,96.6068572998047,84637.0132935333,0.004003597903550293,0.060415580576587996,11.306090980259315,-1.351098691574958,-2.806508250740416,4.570649725239468
CHL,2000,8465.35303258864,23.7507555521354,1.19601925947085,86.9013595581055,11649.2897090856,0.03192634892882644,0.0619601925947085,9.043736998669685,-1.4375558432919646,-2.781263155066633,4.464773677236483
CHL,2010,11649.2897090856,24.775467656778,1.00455362363927,90.99951171875,12679.024004022,0.008470376577918515,0.0600455362363927,9.36300048795795,-1.3953162297936632,-2.8126520673340876,4.510854140774432
CHN,1990,917.270661782581,34.0914985430681,1.46730321087928,39.0024795532227,2237.44298500334,0.08916863794880507,0.0646730321087928,6.821402588773546,-1.0761221423688674,-2.7384109787592394,3.6636252223963943
CHN,2000,2237.44298500334,33.6326827140045,0.787956592953992,59.4924812316895,5764.86534987407,0.09464481076855469,0.05787956592953992,7.713088968261597,-1.0896718919632937,-2.8493908767366105,4.085849938712789
CHN,2010,5764.86534987407,46.1023443345586,0.482959688678361,90.7829173331445,10573.6420059282,0.06065825042062922,0.05482959688678361,8.659537075947144,-0.7743063840342496,-2.9035251416489496,4.508471132810093
CMR,1990,1360.47765296011,17.8119783746051,2.94699987458872,25.8838996887207,1151.27689302947,-0.01669641853316941,0.0794699987458872,7.215591132480248,-1.7252990126207097,-2.532375702811008,3.2536211417710637
CMR,2000,1151.27689302947,17.1923305666251,2.63276307164066,28.4606399536133,1290.9013745759,0.011446904618335817,0.0763276307164066,7.048626947148554,-1.7607067988996803,-2.572720273658663,3.348522078481045
COD,2010,400.619567973092,24.0289275977627,3.18751592835336,37.0387916564941,470.852950000929,0.016153356850187085,0.0818751592835336,5.993012268701494,-1.4259117648775583,-2.5025596395808747,3.6119657865810018
COG,1990,2363.76701814587,15.9055118110236,2.85491548331506,47.1228408813477,2057.01922023551,-0.013899858615718408,0.0785491548331506,7.768011819585404,-1.8385044820514338,-2.5440306739418217,3.8527578278771233
COL,2000,4016.80951748167,14.8956270290748,1.63798274950516,76.4044799804688,5214.24547620131,0.02609064594560486,0.0663798274950516,8.298243214136546,-1.904102504094261,-2.712362071442531,4.336041332941117
COL,2010,5214.24547620131,21.8887622688674,1.13596836363633,99.9543685913086,5891.95523215403,0.01221935058880863,0.0613596836363633,8.559149673592595,-1.5191968192740861,-2.791002277797521,4.604713767758222
CPV,2010,3194.61667734233,44.9568060390526,0.717181999615317,83.5471330073283,3255.93628984058,0.0019012776107450336,0.05717181999615317,8.069222383821266,-0.7994680229827793,-2.8616941594018286,4.425410939758784
CRI,2000,7726.51985682031,20.6866903035723,1.93953648052985,59.6520385742188,10285.0856660419,0.028603630364015052,0.0693953648052985,8.9524138276336,-1.5756796730211364,-2.6679352032489123,4.088528323554568
CRI,2010,10285.0856660419,19.8339185211217,1.24057536472066,97.5067367553711,12242.2098908533,0.017419495513432536,0.0624057536472066,9.238450131273751,-1.6177766572732486,-2.774097801972735,4.57992147054374
CUB,1990,4961.45738860948,24.8024922353702,0.931316010174928,92.1929931640625,4112.26168350671,-0.01877263608133415,0.05931316010174928,8.509454804908563,-1.3942260445045729,-2.8249240734558074,4.523884131623319
CUB,2000,4112.26168350671,12.5033534650291,0.332523063476085,81.8830108642578,6716.49048497058,0.049059260374199984,0.05332523063476085,8.321728444095221,-2.0791733004574016,-2.9313456895565166,4.405291531786029
CUB,2010,6716.49048497058,10.0733739584629,0.023813604568028,92.4079409432897,7252.28811179844,0.0076751251847152705,0.05023813604568028,8.812321047837221,-2.2952744848816624,-2.9909808585120397,4.526212915899621
CYP,2000,22383.96484375,20.4291577976899,1.74925863858297,93.3721389770508,26090.048828125,0.015320912334874315,0.0674925863858297,10.016100126306727,-1.5882070018120098,-2.6957375184565957,4.536593002844883
CYP,2010,26090.048828125,23.6867268786643,1.64898311615441,91.440803527832,26895.68359375,0.003041184186029966,0.0664898311615441,10.16930924965547,-1.4402553420458235,-2.710706257876997,4.515691806935172
CZE,2000,12543.9364342367,31.8350210442972,-0.280414108078884,89.3995208740234,16665.9317825137,0.028412922656725216,0.04719585891921116,9.436992675153617,-1.1446032114765319,-3.053449125002022,4.4931153228141385
CZE,2010,16665.9317825137,26.7312876523202,0.29136167418042,98.6544189453125,19233.1469549829,0.014326857167808882,0.0529136167418042,9.721121901720869,-1.3193354844453278,-2.939094567913839,4.591623025639875
DEU,2000,35104.1308467844,23.9639660790924,0.135431600393084,99.1294326782227,38526.7371042695,0.00930336590119225,0.05135431600393084,10.46607409047185,-1.4286188972618061,-2.9690062954301712,4.596426397020488
DEU,2010,38526.7371042695,19.5310600093299,-0.153198446937304,104.891357421875,42372.8726784255,0.00951558916597577,0.04846801553062696,10.559107749483772,-1.6331641666210384,-3.0268511721823814,4.652925123274796
DNK,2000,49266.9882757886,22.2944061771116,0.334233618829261,126.853088378906,51209.4492757775,0.003866982343456904,0.05334233618829261,10.805009526732166,-1.5008343830643687,-2.9310249631316463,4.843029632449001
DNK,2010,51209.4492757775,17.8221551141916,0.444197154509531,118.944053649902,55934.5555945523,0.008825828604925512,0.05444197154509531,10.843679350166735,-1.7247278333121754,-2.910619886845521,4.778653245166512
DOM,2000,4123.10573163115,27.8926622004107,1.62045560357101,59.4400787353516,5666.45633430206,0.03179572394829737,0.0662045560357101,8.324361976722292,-1.2768065353217843,-2.7150059961156265,4.084968725027597
DOM,2010,5666.45633430206,26.0714218346178,1.28013209833069,77.9718275378447,7395.8734262396,0.026635826234238102,0.0628013209833069,8.642319216205266,-1.344330420419113,-2.7677791709631783,4.3563475760341825
DZA,1990,3605.68701212608,28.5894206651089,2.47896733157691,60.6158790588379,3553.32420521991,-0.0014628763419867851,0.0747896733157691,8.190267603580839,-1.2521334434090605,-2.5930754608083024,4.10455688942512
DZA,2000,3553.32420521991,23.5639069007647,1.3996685583388,64.5954208374023,4456.6102741643,0.022650488767098763,0.063996685583388,8.175638840160971,-1.4454540132461184,-2.74892398472306,4.1681435234061714
DZA,2010,4456.6102741643,43.2868274827225,1.9470588317966,100.739776611328,4363.68533767783,-0.002107148758544497,0.069470588317966,8.402143727831959,-0.8373218124420907,-2.6668518056509636,4.612540722837658
EAP,1990,1072.20234491906,33.7889869615917,1.61459135755938,40.9200210571289,2132.39099441931,0.06875290833185677,0.0661459135755938,6.977470078407516,-1.085035266131803,-2.7158921654526327,3.711619455675886
EAP,2000,2132.39099441931,30.3229183990923,0.998845430185964,58.803581237793,4797.24821906567,0.08107985830830229,0.05998845430185964,7.664999161726084,-1.1932663765777534,-2.813603163579077,4.0742027584545655
EAP,2010,4797.24821906567,42.2390427366086,0.741733055460152,82.9164581298828,8293.69666986026,0.05474533230907088,0.05741733055460152,8.475797744809107,-0.8618252093324752,-2.857409095188756,4.417833572350941
EAR,1990,1833.02641598646,22.9656695928751,2.45496858012563,45.7701988220215,2158.8733767333,0.016361812068382962,0.0745496858012563,7.5137236590759935,-1.4711697115321898,-2.596289452384479,3.8236331985936625
EAR,2000,2158.8733767333,21.9748699050641,1.87962415421671,51.0884819030762,2766.88281699468,0.024813484892961403,0.0687962415421671,7.677341779759823,-1.5152706625679766,-2.6766061642826147,3.9335590687316526
EAR,2010,2766.88281699468,28.632987358968,1.54675845386388,63.9171485900879,3290.1946903817,0.017322538972693823,0.0654675845386388,7.925476628689437,-1.2506107286621104,-2.726200151380527,4.157587691421829
EAS,1990,3713.30449655525,34.5145010936368,1.50426267739424,47.235710144043,5056.47338479158,0.030874710072110467,0.0650426267739424,8.21967745904385,-1.0637906287064471,-2.732712427504882,3.855150177384426
EAS,2000,5056.47338479158,29.0399720470408,0.942759365568456,62.1436996459961,7855.36234558956,0.044052711915295716,0.05942759365568456,8.528424559764956,-1.236496958599425,-2.8229966208206916,4.129449439463245
EAS,2010,7855.36234558956,32.8206897619544,0.700770611250663,84.7297592163086,11276.053700591,0.03614849356842296,0.05700770611250663,8.968951678917913,-1.1141110840340593,-2.8645688253293446,4.439466888430206
ECA,2000,3231.4170375726,22.8768750408235,0.415829788565206,85.3211822509766,5123.22527224197,0.04608634243581129,0.05415829788565206,8.080676031333812,-1.4750436091880326,-2.915844078389475,4.446422750175883
ECA,2010,5123.22527224197,26.7252330084556,0.809647377625494,90.7503280639648,7016.36291211506,0.03144608033785268,0.05809647377625494,8.541539455691925,-1.3195620103701597,-2.845650309285317,4.508112088168341
ECS,2000,18477.5285403385,22.6075586437602,0.125518588445939,95.2436599731445,21465.351630475,0.014988476284056062,0.05125518588445939,9.824310599257416,-1.4868858823631508,-2.9709384780933275,4.556438449829727
ECS,2010,21465.351630475,21.131540328142,0.365344248524332,99.2390975952148,23034.1354718301,0.0070537183498929675,0.05365344248524332,9.974195362097976,-1.5544034593292908,-2.925209646348981,4.597532065626421
ECU,2000,3953.39879728357,17.1669504072431,1.73622001498213,55.9612693786621,5022.20374387205,0.023929316623534723,0.0673622001498213,8.282330942924474,-1.762184138545838,-2.6976712470247457,4.024659833218746
ECU,2010,5022.20374387205,23.4900158733515,1.67708805313164,91.5583877563477,5355.68934196443,0.006429059409536109,0.0667708805313164,8.521624109159822,-1.4485947115681794,-2.7064882136702386,4.516976886326752
EGY,1990,1972.13789303215,28.9144058455115,2.92960944817985,68.7174301147461,2458.60835003016,0.0220477299290903,0.0792960944817985,7.586873458190602,-1.2408302429026554,-2.53456640146842,4.2300028805091285
EGY,2000,2458.60835003016,19.5530726256983,2.16091978529782,77.8339462280273,3233.84521246786,0.027407641894604852,0.0716091978529782,7.807350757481505,-1.6320377443513427,-2.6365317516322526,4.354577662859868
EGY,2010,3233.84521246786,19.5010774075916,1.91795124102801,64.7296371459961,3770.86947867421,0.015363370837134127,0.0691795124102801,8.081427176427553,-1.6347004702733436,-2.671050523629203,4.1702191668873905
EMU,2000,30853.1385054093,23.4059942707807,0.309783222549474,103.357780456543,33252.3689886555,0.007488753279309357,0.05309783222549474,10.336993758532017,-1.4521780310112156,-2.935619175946212,4.638196565892569
EMU,2010,33252.3689886555,20.7640561916706,0.254268113475692,108.635520935059,34608.4614772745,0.003997219118920902,0.05254268113475692,10.41188129132511,-1.5719467618203267,-2.9461294656735513,4.687998434454015
ERI,2000,845.132430060544,21.9967567603027,1.53601457156771,45.2635498046875,703.877374381654,-0.018288918017345245,0.0653601457156771,6.739493337042711,-1.5142751634834106,-2.7278425990008506,3.8125020685192825
ESP,2000,24106.8818529374,26.6723700485971,0.447137014535835,113.414573669434,25766.2515825743,0.006656820365409111,0.05447137014535835,10.090252632779737,-1.321541986028315,-2.9100800337748,4.731049898639704
ESP,2010,25766.2515825743,22.3988413816153,0.460408305051304,122.622512817383,25077.019882928,-0.0027113673191811573,0.054604083050513036,10.156820836433829,-1.4961609524998627,-2.9076466178823206,4.80911063484503
EST,2000,10006.7696280939,28.4761032107323,0.483707161729931,95.0215377807617,14657.939813612,0.03817203286840929,0.05483707161729931,9.21101710574961,-1.2561049342716346,-2.90338882437718,4.554103579386625
EST,2010,14657.939813612,21.5876781655604,-0.22805796852935,110.888679504395,19946.945696898,0.030809387826377765,0.047719420314706495,9.592737434433703,-1.5330474893676307,-3.0424168294643756,4.708526810736543
EUU,2000,26365.798677465,23.4452666779727,0.119607067359065,101.507369995117,29352.9442515094,0.010732519083695102,0.05119607067359065,10.179822944601325,-1.4505015588909422,-2.9720924945381295,4.620131406635136
EUU,2010,29352.9442515094,20.9287617842046,0.158405309698739,106.968536376953,31435.0353450837,0.006853018976456404,0.05158405309698739,10.287148135438276,-1.5640458111366415,-2.964542702767948,4.672534738668136
FIN,2000,37872.6020343504,23.8741513058525,0.2076065154133,125.493049621582,43556.5385834368,0.013983188251644307,0.052076065154133,10.54198322818293,-1.4323738476519694,-2.9550498378122554,4.832250375536888
FIN,2010,43556.5385834368,22.6073229974435,0.457494535465831,108.609390258789,44690.9801103074,0.002571186229905642,0.05457494535465831,10.681815110699374,-1.4868963057595261,-2.90818037783553,4.687757870233179
FRA,2000,33255.1379642335,21.8578770673408,0.686335719566776,105.590217590332,35578.1968010183,0.006752372042046239,0.05686335719566776,10.41196455938631,-1.520608822898899,-2.8671041313142975,4.659565730525951
FRA,2010,35578.1968010183,21.3378695020042,0.492976371032656,106.424942016602,35709.2045925926,0.00036754864533534716,0.05492976371032656,10.479488279806773,-1.5446867809932547,-2.901699933287569,4.6674399668853335
GBR,2000,39297.1366317267,18.9469377484139,0.357300887421605,101.204376220703,42762.720840223,0.008451505765625988,0.05357300887421605,10.578906935959393,-1.663527863907527,-2.92670990351676,4.61714199920598
GBR,2010,42762.720840223,16.6181160375508,0.783888646646516,103.46118927002,42982.4631007642,0.000512548300683946,0.05783888646646516,10.663421993615653,-1.7946767581273166,-2.8500939532798615,4.639196559483398
GEO,2000,1561.19867638847,26.581315880922,-1.9446291567975,83.4423599243164,3090.06513662318,0.06827382619936043,0.030553708432024998,7.3532091874893375,-1.324961627497921,-3.4882692117945853,4.424156093182262
GHA,1990,855.85250708181,14.4439972906995,2.55156185640349,33.9981918334961,1022.27520714566,0.017768796095030747,0.0755156185640349,6.752098056484593,-1.9348912701456267,-2.5834157757236613,3.5263073418342206
GHA,2000,1022.27520714566,23.9986004971918,2.51243583964957,32.5775909423828,1381.2279503506,0.030094218415666684,0.0751243583964957,6.929786017434901,-1.4271746699574008,-2.588610426642494,3.483624657603369
GIN,1990,548.371534819426,13.7904295464944,3.45583486210679,9.75790977478027,614.137235083638,0.011326537261240065,0.0845583486210679,6.306953040468329,-1.981195345538607,-2.47031346668999,2.278078215068901
GMB,1990,658.711165332156,22.3431942658285,4.19595803109441,15.0076599121094,659.911237641141,0.00018201914931950113,0.0919595803109441,6.490285146060383,-1.4986484184219884,-2.386406142919405,2.7085607315666453
GMB,2010,701.014524591061,13.8767105275043,2.90737929979677,45.5351409912109,670.758642891251,-0.004411923199956647,0.0790737929979677,6.552528606636002,-1.974958252692532,-2.537373773922505,3.8184843573411307
GNB,2000,571.094015178625,20.0607519051822,2.00706384351502,17.9289207458496,625.904027290582,0.009164320215654165,0.0700706384351502,6.34755384615281,-1.606404921346087,-2.658251425250448,2.8864150931589663
GRC,2000,18002.9064613985,26.1132103512829,0.409041838238246,97.0996704101562,21547.724178239,0.01797369894557832,0.05409041838238246,9.798288493921106,-1.3427288559796606,-2.917098218198369,4.575737980957391
GRC,2010,21547.724178239,18.2157587611931,0.128880432668041,107.819053649902,17486.951333323,-0.02088152396874605,0.05128880432668041,9.97802548337689,-1.702883100551439,-2.9702827898690587,4.680454392855547
GTM,2000,3165.9323746889,17.8353874290357,2.37572059022903,30.9806594848633,3546.6258162259,0.011354907582515495,0.07375720590229029,8.06020288035462,-1.723985644450704,-2.6069765813855414,3.4333631222012477
GTM,2010,3546.6258162259,14.1641936924863,1.9815646590713,52.1883200232994,4005.83911593999,0.012175639846568132,0.069815646590713,8.173751956179775,-1.9544529768470233,-2.6618971311438937,3.954858715508932
HIC,2000,30158.070077562,24.3488695948533,0.505295213959564,98.5795593261719,34192.5146608152,0.01255541989247284,0.05505295213959564,10.314207830603722,-1.412684760746393,-2.8994597907372994,4.590863931051902
HIC,2010,34192.5146608152,21.1569569817429,0.445325900959658,101.19947052002,37538.2523693096,0.009335372570072487,0.05445325900959658,10.43976202952845,-1.5532013992761688,-2.9104125781418397,4.617093524824066
HKG,2010,38090.0213994329,23.8904664218175,0.734446396338105,87.9053960567278,41451.2981131333,0.008456685635474592,0.057344463963381054,10.547707621284856,-1.431690701114818,-2.8586789707831293,4.476261191393139
HND,2010,2108.47314459603,21.8798406875029,2.12597244017857,66.1681900024414,2189.43168668222,0.0037677948964192076,0.0712597244017857,7.653719336371345,-1.5196044896535565,-2.6414239863142317,4.19219983390104
HPC,1990,695.248635347885,15.0654261960008,2.688042877857,18.2614898681641,679.180241236318,-0.0023382986946388407,0.07688042877857,6.544269530289976,-1.8927677233313316,-2.565503937090986,2.904794463742223
HPC,2000,679.180241236318,20.1502241027801,2.71448952208293,21.4551296234131,829.378145273867,0.01997896540779589,0.0771448952208293,6.520886543343588,-1.6019547759311856,-2.5620698692988513,3.065963760066491
HPC,2010,829.378145273867,23.3619073685389,2.7711118820923,35.683780670166,946.680806659878,0.013228578156659232,0.07771111882092299,6.720676197421547,-1.454063380310864,-2.554756932477895,3.574696262585108
HRV,2010,11965.0049285028,20.3670619597928,-0.226821270818422,98.8955230712891,13545.4881162417,0.012406737825405578,0.04773178729181578,9.38974141225236,-1.5912511998392034,-3.0421577027861786,4.594063970377473
HUN,2000,8979.73578602949,28.1973908964954,-0.259764908288633,96.2051086425781,11287.3686666108,0.02287138239905797,0.04740235091711367,9.102725738372246,-1.2659407337252646,-3.0490834541035556,4.566482460654377
HUN,2010,11287.3686666108,21.1892791243323,-0.226013875689698,101.997688293457,14664.2971195385,0.026173148878576847,0.04773986124310302,9.331439562362826,-1.5516748339027837,-3.0419885645879723,4.624950149237806
IBD,1990,2199.53015008287,27.2537671156651,1.74477886299978,52.0505104064941,2749.80831717138,0.022328743699115618,0.0674477886299978,7.695999048393333,-1.2999784316567895,-2.696401482188316,3.952214601093477
IBD,2000,2749.80831717138,24.1754746885025,1.23283602771546,61.9828186035156,4532.44068726031,0.049972937106078065,0.0623283602771546,7.9192864853844895,-1.4198315093295115,-2.7753387356283117,4.126857227342308
IBD,2010,4532.44068726031,32.4177909411497,1.02685278367989,78.076171875,6286.40775617083,0.032712922615983506,0.060268527836798896,8.41901585644527,-1.1264628107698578,-2.808945237921248,4.357684912662648
IBT,1990,1931.41358300895,26.6077464836654,1.9222014571592,46.4005317687988,2339.75101446893,0.019179235838222564,0.069222014571592,7.5660074402351,-1.3239677914066692,-2.6704363373037365,3.837310919700995
IBT,2000,2339.75101446893,24.009176739152,1.49800954857451,54.0967407226562,3719.8597539937,0.04636414473998549,0.0649800954857451,7.7577997986173255,-1.426734064591348,-2.733674279278657,3.990773938615356
IBT,2010,3719.8597539937,31.8992396778305,1.34740543625619,66.9524307250977,4971.5872211169,0.029005318247451405,0.0634740543625619,8.22144124601718,-1.142588011032108,-2.7571240492958,4.203982378051641
IDA,1990,874.961182666423,20.9811239430263,2.62584226384615,25.2684993743896,899.61428305683,0.0027786574372146156,0.0762584226384615,6.774179522706617,-1.56154701233732,-2.5736274087626825,3.2295585359561576
IDA,2000,899.61428305683,23.3702505244014,2.43558263152972,30.5623397827148,1216.18056240843,0.030150444324669755,0.0743558263152972,6.801966097078763,-1.4537063175803027,-2.5988932457931977,3.41976852493799
IDA,2010,1216.18056240843,22.2144268413509,2.34160294661654,41.545238494873,1384.63983352976,0.012972479648468305,0.0734160294661654,7.1034705403254605,-1.5044282504574389,-2.6116129821066,3.726782917740087
IDN,1990,1470.91822258528,32.7076900896332,1.81442604896274,46.7410583496094,1828.10265968361,0.0217391784021407,0.0681442604896274,7.293642125980137,-1.1175599647964387,-2.6861283431737624,3.8446229721921688
IDN,2000,1828.10265968361,22.2456969315568,1.43244007763682,55.5976295471191,2670.8129098953,0.03791042556889614,0.0643244007763682,7.511033910001544,-1.5030215924138506,-2.7438162364213694,4.018140566303059
IDN,2010,2670.8129098953,32.8801214533558,1.26054140134601,75.6519088745117,3739.44906563161,0.033655540521243664,0.06260541401346009,7.890138165690505,-1.1123019219700792,-2.770903518777748,4.326142672890397
IDX,1990,625.254543806849,16.2847938439349,2.41168992509797,22.8701496124268,688.770584647754,0.00967494100709958,0.0741168992509797,6.438158836915408,-1.8149384066010061,-2.6021117126146374,3.129832549877166
IDX,2000,688.770584647754,21.9366660910615,2.34854445880951,30.9915199279785,941.170103265961,0.031221564487649723,0.0734854445880951,6.5349082469864035,-1.5170106984275826,-2.6106679251894658,3.433713616352955
IDX,2010,941.170103265961,22.5553136992966,2.22682654798599,41.6973190307617,1096.83173371503,0.015305716896722731,0.0722682654798599,6.847123891862901,-1.4891995070312956,-2.6273701745306837,3.730436834909691
IND,2000,756.704109527449,25.677316683955,1.87939826197393,47.1734390258789,1235.15939133951,0.048998299800765824,0.06879398261973929,6.628972304540029,-1.3595622031260384,-2.67663899979025,3.8538310016955846
IND,2010,1235.15939133951,39.7856241847736,1.45460361883041,64.9475936889648,1806.50110583878,0.038019186018417715,0.0645460361883041,7.118955302547687,-0.9216645403342308,-2.740376570417657,4.173580693761542
IRL,2000,42599.4803921319,24.5079507553549,1.33304266586712,105.122367858887,46991.6464673949,0.009812779534394878,0.0633304266586712,10.659597334815277,-1.4061726004561086,-2.7593893914060486,4.655125079776436
IRL,2010,46991.6464673949,17.2913563758605,0.544884384079014,118.096908569336,80927.936475395,0.05435892343580395,0.055448843840790144,10.757725130159226,-1.7549634407948933,-2.892294415884828,4.771505546479134
IRN,1990,3222.20102704479,33.0218426264171,2.91140676618439,55.9345512390137,3885.30183360649,0.018713599803480818,0.0791140676618439,8.077819953797071,-1.108000945709112,-2.536864573474652,4.024182279365373
IRN,2000,3885.30183360649,35.1005334892763,1.47619563346635,74.9870910644531,5249.06133369759,0.03008485941869008,0.0647619563346635,8.26495595183188,-1.0469538565070957,-2.7370369416317106,4.317315979581486
IRN,2010,5249.06133369759,40.262449246465,1.25167392158024,79.0264663696289,5132.82430762118,-0.002239321205494882,0.06251673921580239,8.56580454601878,-0.9097509318974798,-2.7723209306463126,4.369782813698318
IRQ,2000,4172.78025105244,29.1473474951006,3.27752785249419,36.8702583312988,3881.94327045302,-0.007224666936268065,0.0827752785249419,8.336337819500319,-1.232806272354166,-2.491625830710732,3.607405218766091
ISL,2000,43472.3369863945,24.6194667661392,1.36919283329812,109.021507263184,49528.4864575422,0.013042318358070659,0.0636919283329812,10.679880083439418,-1.401632724030948,-2.753697438200843,4.691545177106367
ISL,2010,49528.4864575422,13.8337714379496,-0.143903000294037,108.819038391113,52464.3072858637,0.005758508912750671,0.048560969997059625,10.810303267020124,-1.9780573777078148,-3.024935157202645,4.689686304326151
ISR,2000,29413.4894578106,25.7054135720842,2.64233191305756,98.0492706298828,33344.7213294093,0.012544608464445873,0.0764233191305756,10.289208673194324,-1.358468571441245,-2.5714674051589053,4.585470113857755
ISR,2010,33344.7213294093,21.5383508792439,1.82675240987847,96.5111923217773,37935.5432717179,0.012898901095165626,0.0682675240987847,10.414654757838782,-1.535335078042967,-2.6843211145229793,4.569658984228568
ITA,2000,32609.66746283,21.3236101039876,0.045303631138613,94.7987899780273,31928.5543621096,-0.0021108061872473272,0.05045303631138613,10.39236407133272,-1.5453552715697334,-2.9867123494269143,4.551756645234657
ITA,2010,31928.5543621096,20.7969716146664,0.442226157086815,101.401161193848,29469.7989238626,-0.008013475683075911,0.05442226157086815,10.371256009460247,-1.570362805329596,-2.9109819887752066,4.6190845427073715
JOR,2010,4621.5742854131,35.0376311945169,2.15109331746781,87.3644409179688,3806.87949354914,-0.019392557848316904,0.0715109331746781,8.438490680450602,-1.0487475251012868,-2.6379049294379926,4.470088345388265
KAZ,2000,4269.33016782791,18.139048031664,0.292205742065896,89.0767288208008,8704.70655484556,0.0712406917123296,0.05292205742065896,8.35921222455624,-1.7071032216382578,-2.9389350625497084,4.489498119900814
KAZ,2010,8704.70655484556,25.3735490201768,1.29700375015965,98.5237492649908,10565.0359816235,0.019368619410296616,0.06297003750159649,9.071619141679536,-1.3714629317319276,-2.765096260934633,4.590297628405117
KEN,2000,1195.41296851656,17.4140906154511,3.01293994477925,40.9617881774902,1340.16467408856,0.011430079149026717,0.0801293994477925,7.086246985015062,-1.7478905019974629,-2.5241124579439114,3.712639636455334
KGZ,1990,1203.47208279448,24.0654205607477,1.92530470146006,101.841339111328,718.342832397662,-0.05160191227353801,0.0692530470146006,7.092966060273132,-1.4243942073521596,-2.669988134671831,4.623416103331279
KGZ,2000,718.342832397662,20.010037072908,1.18989565060204,82.4341583251953,962.764789828724,0.029286219710494166,0.0618989565060204,6.576946937537752,-1.6089361846751251,-2.782251957171638,4.411999893797802
KGZ,2010,962.764789828724,27.4015935976563,1.4261662918386,87.7688035961973,1093.32856461422,0.012717291642453877,0.064261662918386,6.8698091346426935,-1.2945690137869177,-2.7447920476587275,4.474706125386561
KHM,2000,598.561915252147,20.3442509411501,1.59016992993238,18.1284408569336,1155.85236856699,0.0658063361863701,0.0659016992993238,6.394529970361067,-1.5923718230470751,-2.719591051776937,2.897482023105877
KOR,2000,17763.1353417297,33.0175871343191,0.836180864297766,98.0937805175781,26623.0487122927,0.040465207204812795,0.05836180864297766,9.784880540476703,-1.1081298230213272,-2.841093564666958,4.585923965148423
KOR,2010,26623.0487122927,32.7792421992313,0.49822508440111,97.2930603027344,33215.9298928108,0.0221252243353355,0.0549822508440111,10.18953261252483,-1.1153747307178066,-2.9007448577594364,4.577727663963221
KWT,2000,31341.9780819419,10.665237720716,2.83716577319158,85.79931640625,32568.4981754501,0.00383871557724369,0.07837165773191579,10.352713630763853,-2.238180544513285,-2.5462929255072155,4.452011039169054
KWT,2010,32568.4981754501,17.6584741694241,5.15506049102987,99.4166345928894,25541.5378987908,-0.02430394434615,0.1015506049102987,10.39110078653629,-1.733954394917366,-2.2871980342004794,4.599319449690142
LAC,2000,6581.31117825537,19.7491708127344,1.46440925518966,79.9674911499023,7849.05546645435,0.017615920911207183,0.0646440925518966,8.791989271680352,-1.622058679687667,-2.7388585537800303,4.381620191460807
LAC,2010,7849.05546645435,21.6938074282513,1.09312877985907,89.624153137207,7669.33977303708,-0.0023162669270814008,0.0609312877985907,8.968148480792424,-1.5281433381379925,-2.798008479238694,4.495624849917899
LAO,2000,917.228038617529,13.41565795568,1.67898547843134,33.2670707702637,1564.91068311647,0.05342279095413423,0.0667898547843134,6.821356120313198,-2.008747657045622,-2.706204084459961,3.504568041978246
LAO,2010,1564.91068311647,27.4624877401915,1.47192872108695,47.3594398498535,2529.74622698761,0.04802902412975944,0.0647192872108695,7.3555840298545405,-1.292349194697435,-2.737696019721636,3.8577661630111577
LBN,2000,5958.97836750301,20.4112221368178,1.72552456653499,62.5770492553711,8955.54336184707,0.04073736590595178,0.0672552456653499,8.692654330517703,-1.589085331644099,-2.6992602610834875,4.136398585569001
LBN,2010,8955.54336184707,24.9372585130013,0.976748358836896,70.562435785543,6440.82843092922,-0.032961554040897664,0.05976748358836896,9.100027989577221,-1.3888071750740674,-2.8172935186155237,4.256497931872875
LCN,2000,6742.02693662191,20.094731411125,1.46006685805087,79.3801193237305,8060.79704671081,0.017865182864963636,0.0646006685805087,8.816115891131902,-1.6047125241317137,-2.739530518703659,4.374247950550193
LCN,2010,8060.79704671081,21.6834503918446,1.08873794675901,89.2363967895508,7812.42544444341,-0.0031296968893661514,0.0608873794675901,8.994767719781539,-1.5286208711644678,-2.798729359443468,4.491288992119308
LDC,2000,638.39449831344,22.2972100376188,2.40585722720125,27.4039306640625,904.747247036902,0.034869919148210915,0.0740585722720125,6.458956428168389,-1.5007086257696614,-2.602898981673143,3.3106864579981474
LDC,2010,904.747247036902,24.8851631294529,2.32542713270737,38.0077896118164,1037.48119670683,0.01368955086340522,0.0732542713270737,6.8076556196504985,-1.390898418366414,-2.613818721152612,3.6377911285034927
LIC,2000,682.327706786891,15.1323471960825,2.61940968797895,24.0485591888428,853.991903353526,0.02244116619715486,0.0761940968797895,6.5255100509214055,-1.888335534986576,-2.5744712880595633,3.18007508576933
LIC,2010,853.991903353526,17.2888030089286,2.81881699524429,36.2857513427734,691.991878569926,-0.021034749351478067,0.0781881699524429,6.749921712892954,-1.755111118942245,-2.5486369222552767,3.5914251392202363
LKA,1990,1388.58951823335,22.205889665117,0.637411760252378,83.8623580932617,1956.93310381072,0.034309000793342294,0.05637411760252378,7.23604377584862,-1.5048126320652453,-2.875745133565185,4.429176860751777
LMC,1990,845.639010531656,27.1004677457967,2.51412194572947,41.3630218505859,1026.7038061104,0.01940161943840666,0.0751412194572947,6.740092567044009,-1.30561919825889,-2.588386009831797,3.7223872896827612
LMC,2000,1026.7038061104,24.2962433244534,2.02184470625096,44.3241806030273,1531.26610674398,0.03997414314995869,0.0702184470625096,6.934108761428075,-1.4148484432942419,-2.6561442238024107,3.791530365676086
LMC,2010,1531.26610674398,32.5789186318294,1.71918462378512,57.1128997802734,2021.05503375347,0.027752475505694464,0.0671918462378512,7.333850192927662,-1.1215047745304885,-2.7002033745610725,4.045030006738358
LMY,1990,1637.90975985927,26.3221394610122,2.04466009326852,45.9840202331543,2169.24580163668,0.028095865803876307,0.0704466009326852,7.401176171234406,-1.3347597963219229,-2.652900289740591,3.828293949900743
LMY,2000,2169.24580163668,24.2964340942951,1.56284651687511,53.7373313903809,3513.14255185016,0.04821314005497257,0.0656284651687511,7.682134829273169,-1.4148405915004394,-2.7237457568929107,3.984107944164645
LMY,2010,3513.14255185016,33.3213553096352,1.37561424789051,66.7154693603516,4809.84896387149,0.03141547323413914,0.0637561424789051,8.164266229822895,-1.0989716939573977,-2.7526897469749403,4.200436850474315
LSO,2010,995.233432451681,31.3011900430751,0.772821659424366,54.2426986694336,944.834128375429,-0.005196792856341936,0.05772821659424366,6.902977315122107,-1.161514068619216,-2.8520092025700183,3.99346839662441
LTE,1990,2569.8115455292,27.7014386292427,1.35159218395988,54.1241607666016,3466.01310620559,0.02991724050190827,0.0635159218395988,7.851587846612733,-1.283685838069686,-2.7564646668814405,3.991280680735498
LTE,2000,3466.01310620559,25.3460726963599,0.783673440817429,69.2597198486328,6525.60694866136,0.06327289951850172,0.05783673440817429,8.150760251631816,-1.3725463911732576,-2.8501311617819614,4.237863494043092
LTE,2010,6525.60694866136,33.5922494911582,0.562341466763332,89.2665405273438,9878.28626310562,0.04146050737287421,0.05562341466763332,8.783489246816833,-1.0908748155333334,-2.8891510392590294,4.491626731526095
LTU,2000,6384.30865426374,19.1446223329092,-0.703385440488978,96.9156875610352,10884.1161852582,0.05334612886538217,0.04296614559511022,8.761598486059869,-1.6531483279230752,-3.147342785122857,4.573841400127976
LTU,2010,10884.1161852582,17.8578010235461,-2.09694341985475,105.068267822266,17443.65526328,0.04716714915726037,0.0290305658014525,9.29505977471369,-1.7227297411017362,-3.5394060109029266,4.654610308624616
LUX,2000,92527.7108705226,22.5591443010138,1.34408299573143,98.0273284912109,106544.057363484,0.014105040713716831,0.0634408299573143,11.435263455614916,-1.489029689997192,-2.757647619185725,4.585246301950962
LUX,2010,106544.057363484,18.0831934936242,1.8254058035237,100.080001831055,105274.2471768,-0.0011989760763434277,0.068254058035237,11.576313862752084,-1.7101872153370052,-2.684518388292897,4.605969884454569
LVA,2000,6336.38296707987,24.9631641629445,-0.963935407092365,90.0659713745117,10500.8666223014,0.050514969349277725,0.04036064592907635,8.75406337470425,-1.3877688811726814,-3.2099000794355885,4.500542417078136
LVA,2010,10500.8666223014,20.9313394628785,-2.08130508988111,102.822158813477,14900.7295718866,0.034995238709394624,0.029186949101188898,9.259213068197027,-1.5639226543070897,-3.5340336182086145,4.63300088245321
MAC,2010,74195.0577762344,13.2455224408891,0.373134761285818,91.1610379698531,33853.7761550109,-0.07846469924898188,0.05373134761285818,11.214452820147848,-2.0215106196562296,-2.9237586933562665,4.512627590555016
MAR,1990,1695.63647460938,31.0602945352303,1.80543997877046,36.7552490234375,1957.14135742188,0.014342674590374393,0.0680543997877046,7.435813450576074,-1.1692398855298232,-2.6874478967549615,3.604281046029259
MAR,2000,1957.14135742188,23.8068463049384,1.40392630100829,39.6924896240234,2767.04223632813,0.03462940474942346,0.06403926301008289,7.579240196479818,-1.435196986805469,-2.748258899194627,3.681161991560499
MAR,2010,2767.04223632813,31.4907166374774,1.35274286216317,63.0757983249551,3090.89428710938,0.011068149734979294,0.0635274286216317,7.925534243974052,-1.1554773935133593,-2.756283519548304,4.144337151204142
MDA,2010,2269.51116145996,23.8517865932859,-0.0998329740168972,87.9811349895035,3188.91691602699,0.034011687346047384,0.04900167025983103,7.727319739910406,-1.433311061887587,-3.0159008945171295,4.477122416377298
MDG,1990,538.536275056569,35.9623142146368,2.95165872036178,17.1746501922607,465.529509827021,-0.014567936894218914,0.0795165872036178,6.288854857478194,-1.0226986232096422,-2.531789635014334,2.8434344706381562
MEA,1990,3503.00938473955,29.6551403224141,3.33042383189562,44.853931427002,4004.84887081865,0.013388342141232279,0.0833042383189562,8.16137770225172,-1.21553470887875,-2.4852558509241462,3.803411241898407
MEA,2000,4004.84887081865,21.867879665574,2.33477472991639,50.2143783569336,4846.87350895943,0.019082801507155446,0.0733477472991639,8.295261123664043,-1.5201513077336943,-2.6125434865325996,3.9163014071397506
MEA,2010,4846.87350895943,27.9941149338235,2.05352451276423,55.212589263916,5033.14208530647,0.0037710598380703785,0.0705352451276423,8.486089138735597,-1.2731758788388707,-2.6516427631991837,4.011190993655157
MEX,2000,9581.96970210753,22.2649246086997,1.54272528221216,71.1195831298828,9389.06722084275,-0.0020337225714351704,0.0654272528221216,9.16763845547893,-1.502157633310448,-2.7268163975000346,4.264362729685136
MEX,2010,9389.06722084275,23.3314894102504,1.43974472572946,87.2729263305664,9234.64362317923,-0.0016583927677766396,0.0643974472572946,9.147301229764578,-1.4553662610044866,-2.7426812855193545,4.469040292531983
MIC,1990,1702.28337823369,26.833005590141,2.0217942850642,47.7032585144043,2277.27178754853,0.029100762858743322,0.070217942850642,7.439725792473782,-1.3155375043382875,-2.6561514044465144,3.864999708232041
MIC,2000,2277.27178754853,24.4860790032218,1.48737272491373,56.2715682983398,3737.17369206799,0.04953514863561921,0.0648737272491373,7.730733421061215,-1.4070654338765805,-2.7353125561989375,4.030189404006503
MIC,2010,3737.17369206799,33.603418595829,1.2555736244468,70.3685913085938,5211.08110372645,0.033245771131742784,0.062555736244468,8.226084907417407,-1.0905423802710126,-2.771697339727754,4.25374701742643
MKD,2000,3283.37934095351,21.8801026358759,0.455448702114895,83.5768890380859,4582.36517512347,0.03333420997219374,0.05455448702114895,8.096628457873,-1.5195925175917526,-2.9085553148860335,4.425767034959316
MKD,2010,4582.36517512347,24.4680948373642,-0.63937448291812,85.4283828735352,5743.72649424581,0.02258929360951676,0.0436062551708188,8.429970557594938,-1.4078001686399615,-3.132554671696971,4.447678397726906
MLI,1990,589.775405883669,21.505697909489,1.96820571058385,6.28541994094849,682.49742045713,0.014601695106844925,0.0696820571058385,6.379741796433531,-1.5368522669198181,-2.6638124246888375,1.838232656190126
MLI,2000,682.49742045713,17.6850224025008,2.91308874187569,15.6529197692871,821.181286587872,0.018498514949697408,0.0791308874187569,6.52575874750198,-1.7324520965799202,-2.5366519947296577,2.750657466312365
MLI,2010,821.181286587872,23.0142230994493,3.2485140091385,36.7189206176726,872.389426814294,0.006049201760158507,0.082485140091385,6.710743896998954,-1.4690577655584969,-2.4951371219695004,3.6032921703766934
MLT,2000,17178.3773811056,27.3213666957815,0.645267230900854,91.4956817626953,20750.6479461598,0.018892600854574938,0.056452672309008536,9.751406742946518,-1.2975011270688899,-2.8743526501090915,4.516291777317487
MLT,2010,20750.6479461598,21.8643920190938,0.49118281065151,105.11385345459,27861.8202844538,0.029467983055045187,0.0549118281065151,9.940332751492267,-1.5203108076340308,-2.9020265054661802,4.655044081323853
MNE,2010,5917.91788713074,22.2701240129796,0.183239906425096,98.99609375,6351.95486320483,0.007077793922383435,0.05183239906425096,8.685739957759255,-1.5019241361227527,-2.9597398606773053,4.595080392285432
MNG,1990,1823.45623781461,29.0673253770095,-1.20653291340797,88.4407806396484,1598.31282040605,-0.013178514633705429,0.0379346708659203,7.508489010955879,-1.2355554819449683,-3.271889786493866,4.482333182721529
MNG,2000,1598.31282040605,29.0107404848956,1.32711144076984,62.4367294311523,2611.67326563924,0.04910425282284851,0.06327111440769839,7.3767038646188245,-1.2375040630204024,-2.7603263824539086,4.13415371488961
MNG,2010,2611.67326563924,42.0869542882428,1.74992683110286,91.1776885986328,4066.03410882791,0.04426769900977083,0.06749926831102859,7.86774639284731,-0.8654323677092766,-2.695638520999018,4.512810224591562
MOZ,2000,287.390630344484,41.1306699228634,2.20366517231952,5.94095993041992,494.162859074785,0.05420227654300565,0.0720366517231952,5.66084237166771,-0.888416115941051,-2.6305802377779055,1.7818707247657595
MOZ,2010,494.162859074785,23.195521262122,2.67685903538336,25.1208838457009,591.804059985932,0.018031046324685905,0.0767685903538336,6.202865137097766,-1.4612109749986584,-2.566959702251337,3.223699525921345
MRT,1990,1437.75048235693,13.9512795840132,2.5335174710203,13.6398897171021,1304.64439067179,-0.009714922103503198,0.075335174710203,7.270835006088108,-1.9695989554747715,-2.5858081256208956,2.6129985671261857
MRT,2000,1304.64439067179,11.2958008872593,2.78353822069134,18.0476703643799,1460.19179652873,0.0112637288506785,0.0778353822069134,7.173685785053076,-2.1807391322286698,-2.5531591670302016,2.8930166107638735
MRT,2010,1460.19179652873,32.2510831347375,3.19159403639576,20.4244003295898,1553.30615586591,0.0061817868514997265,0.08191594036395759,7.286323073559861,-1.1316185577370368,-2.502061675022917,3.016730280686658
MUS,2010,8114.82056038003,26.7282315985642,0.237886692890185,86.9073104858398,9483.67602630847,0.015587991896227749,0.05237886692890185,9.00144736761303,-1.3194498159545578,-2.949252071887174,4.464842154001596
MYS,1990,4184.76072928976,32.3603261645435,2.94872577944909,65.0170516967773,6455.61419792583,0.04335006415969236,0.0794872577944909,8.33920480788165,-1.1282370145981786,-2.5321585494825327,4.174649569288717
MYS,2000,6455.61419792583,26.8674891484592,2.34480241175698,76.4828262329102,8118.92270511981,0.022924730309219578,0.0734480241175698,8.772705449478574,-1.3142532121459778,-2.61117727777828,4.337066221942562
MYS,2010,8118.92270511981,23.3865410976414,1.87040612656176,77.2140274047852,10171.4657842762,0.02253888543337723,0.0687040612656176,9.00195275257077,-1.4530094958637547,-2.6779469655532577,4.346581142659421
NAC,2000,47364.7456727428,23.4697871555051,1.09487429044742,94.7886123657227,51440.0804801458,0.008253945467788881,0.0609487429044742,10.765633468776436,-1.4494562449560084,-2.797722048296691,4.55164927932122
NAC,2010,51440.0804801458,19.1365502498694,0.872248322965573,96.102783203125,57470.4195194401,0.011085272781967248,0.05872248322965573,10.848172923454324,-1.653570053936926,-2.8349326062366713,4.5654182770878275
NAM,1990,2857.33777498196,27.0575365252196,6.04762452874674,38.9285697937012,3083.59657884697,0.007620629271976398,0.1104762452874674,7.957645622397537,-1.3072046048907378,-2.202954755908769,3.661728423051318
NAM,2000,3083.59657884697,17.0414659698036,2.35219877188535,63.7193412780762,4165.12990200988,0.030065082795523067,0.0735219877188535,8.033851915117301,-1.7695206371956234,-2.6101707648631116,4.154488147230663
NAM,2010,4165.12990200988,23.7799989593426,1.54841464345813,68.0998401813149,3787.49943973286,-0.00950414411802356,0.06548414643458131,8.334502743072532,-1.436325338487332,-2.725947204803835,4.2209748663291435
NER,1990,465.923889536505,11.2847868096636,3.07948454709256,5.59699010848999,392.898616941042,-0.017047068718290693,0.08079484547092561,6.144022293611428,-2.1817146673756738,-2.5158421091666536,1.7222289726198263
NER,2000,392.898616941042,13.1422096449305,3.46716382832898,6.30063009262085,441.079166112039,0.011567276790072167,0.0846716382832898,5.973551606428521,-2.029341025354573,-2.4689745824742793,1.8406496430980723
NER,2010,441.079166112039,32.6404605165102,3.72535077368531,12.8063202484136,533.194328910254,0.01896615779664863,0.0872535077368531,6.089224374329243,-1.119617547030006,-2.4389375154200166,2.549938818468884
NIC,1990,1260.87382799969,19.2758024767105,2.33532526542317,35.6191902160645,1458.37490084556,0.014551773929325851,0.0733532526542317,7.139560273861087,-1.6463196343723587,-2.612468431078688,3.572884543635226
NIC,2000,1458.37490084556,26.6547531947905,1.3755333704478,53.405029296875,1704.37875049059,0.015587794095094943,0.063755333704478,7.2850780131543456,-1.3222026950025105,-2.752702432490806,3.9779049231207613
NIC,2010,1704.37875049059,24.8398681398148,1.41916789623706,71.3924407958984,1950.19181218473,0.013472705783789429,0.0641916789623706,7.440955954105295,-1.3927202373179495,-2.7458816878645043,4.268191992534883
NLD,2000,40665.338169599,22.4588724676077,0.714770362784392,123.295211791992,44659.272839058,0.009368587655584548,0.057147703627843924,10.613131366552993,-1.4934844397363571,-2.86211607103866,4.8145815756124515
NLD,2010,44659.272839058,20.0371060399178,0.512923100553586,124.569526672363,47086.5804192702,0.005292607951085238,0.055129231005535864,10.706817243108839,-1.6075843293851764,-2.8980751952255916,4.824864007198745
NOR,2000,67846.5968643534,21.8180384485916,0.649044821192665,116.452041625977,72804.3956188398,0.007052710448890487,0.05649044821192665,11.125004507252779,-1.5224331065722787,-2.873683713317678,4.757479528387715
NOR,2010,72804.3956188398,24.9886867450873,1.24566617956207,112.978569030762,75287.2059527598,0.0033533879944485532,0.0624566617956207,11.195531611741684,-1.3867469937390888,-2.7732823740306376,4.727198146130607
NPL,1990,422.724738575869,18.1258219231067,2.41969921944806,32.03369140625,547.221082273632,0.02581316621147147,0.0741969921944806,6.046721230998301,-1.70783263879377,-2.6010316660929527,3.4667882053804178
NPL,2000,547.221082273632,24.3148663462349,1.73127486408485,34.4201507568359,721.265221364302,0.02761540286312165,0.0673127486408485,6.304852893113016,-1.414082238909329,-2.6984056302435904,3.5386421706934965
NPL,2010,721.265221364302,38.271206448162,0.619710468212554,55.5892906188965,1031.53618783934,0.03577974928849326,0.05619710468212554,6.581006921744232,-0.9604723624024278,-2.8788900415212404,4.017990567935882
NZL,2000,30853.807635459,22.0345630387436,0.587564086381346,112.153717041016,35489.7631519026,0.013998412607959133,0.055875640863813456,10.337015445881386,-1.512557918217808,-2.884626756515728,4.719870403894612
NZL,2010,35489.7631519026,20.3756573267404,1.1117260560215,119.128967285156,39785.473128643,0.011425755591625375,0.061117260560215,10.476999571960977,-1.5908292659464423,-2.7949609558054593,4.780206664967819
OED,2000,30592.0378269081,24.3139469368631,0.713186353783694,94.4926071166992,33528.4100044688,0.009165336590138828,0.05713186353783694,10.328495052347098,-1.4141200522676998,-2.862393287526284,4.548521599870128
OED,2010,33528.4100044688,20.99196365578,0.677505276897995,99.3854675292969,36444.6516392817,0.008340157698960838,0.05677505276897995,10.420148418248486,-1.5610305045646111,-2.868658261550525,4.599005901055444
OMN,2000,19881.7364316776,22.5837734261812,1.2887385532573,77.5544662475586,22766.0503620721,0.013546886399038272,0.062887385532573,9.897556822053982,-1.4879385275800912,-2.766409683359988,4.350980479808928
OSS,2000,8348.27646209373,24.8220196301468,0.304071119083061,52.9925804138184,9829.37376191878,0.016332011947394597,0.053040711190830606,9.029810384813768,-1.3934390384444457,-2.9366955246191866,3.970151911560195
OSS,2010,9829.37376191878,23.7061166083862,1.11211730324926,66.2179565429688,10962.0788606767,0.010906671529691358,0.0611211730324926,9.193130504287714,-1.43943708640311,-2.794896942022495,4.1929516730348215
PAK,1990,950.884644833285,18.9353730330174,3.34304854189447,20.205810546875,1049.54229686852,0.009871668399213097,0.0834304854189447,6.857392756379772,-1.6641384241145054,-2.483741503806946,3.0059702138789857
PAK,2010,1256.69482201323,15.9615524272363,2.47081701538021,29.2962900661933,1526.00597486307,0.01941687309042477,0.0747081701538021,7.136240396308027,-1.8349873288198753,-2.594165819948612,3.377460889104919
PAN,1990,4828.75877741909,21.1406866090547,2.13050689339337,60.4366607666016,6856.1491877083,0.03505564884880528,0.07130506893393371,8.482344731720302,-1.5539707269317753,-2.640787861046329,4.10159588714567
PAN,2000,6856.1491877083,28.4060430231237,1.96400557919623,64.2499084472656,10698.0717490512,0.04449175736327575,0.06964005579196231,8.832901220208354,-1.2585682809515617,-2.6644153629342457,4.1627802988290314
PAN,2010,10698.0717490512,37.34120254137,1.78385792968885,71.9136975816467,12647.0826553801,0.01673630535895878,0.0678385792968885,9.277818793841112,-0.9850728432144616,-2.6906242296858105,4.275466755367579
PER,1990,2706.92253156841,16.1644055092045,2.21460821954372,66.3794174194336,3286.27308475523,0.019394172928171916,0.0721460821954372,7.903567671387445,-1.822358551904873,-2.6290622960621417,4.1953870298060965
PER,2000,3286.27308475523,19.6279847605546,1.56043059120612,80.8428726196289,5167.39259325937,0.04526141056217625,0.0656043059120612,8.097509400669164,-1.628213844174298,-2.72411394628286,4.392507426535809
PER,2010,5167.39259325937,23.7605090406542,0.652636898148331,96.13037109375,5831.83024758521,0.012096265990694022,0.05652636898148331,8.550123506290927,-1.4371452674531857,-2.8730480420670044,4.565705302402636
PHL,1990,1704.07568899121,23.3317105849887,2.56122112841079,70.713493347168,1793.34761146436,0.005106120141426196,0.0756122112841079,7.440778124824864,-1.4553567813829293,-2.5821374839183333,4.258636408259035
PNG,1990,1892.30679279448,24.4424972368507,2.61054096368867,12.8674402236938,1989.57882204274,0.005012635899710816,0.0761054096368867,7.545551889106294,-1.4088468786373267,-2.575635930742337,2.5547001070079514
POL,2000,7401.57697647848,24.6999676719407,-1.04433539837844,100.596076965332,10808.3975674238,0.03786303020960293,0.0395566460162156,8.909448361418155,-1.3983682511833282,-3.230021558020636,4.611113260536792
POL,2010,10808.3975674238,20.8586688863455,-0.285609121534849,100.207778930664,15090.2228440113,0.03337236558001209,0.04714390878465151,9.288078663514185,-1.5674005502278652,-3.0545504662725205,4.607245819675962
PRI,2010,28569.5077088001,9.16037905577584,-0.427201373092374,87.0993194580078,28144.7223184239,-0.0014980132280165038,0.04572798626907626,10.260095264022814,-2.390282626523332,-3.0850447775086,4.467049070487035
PRT,2000,18822.0933092937,28.7766387963597,0.702859953319024,108.372886657715,19698.6836791397,0.004552045931038862,0.05702859953319024,9.842786634865467,-1.245606280912898,-2.8642023907838006,4.685577934635741
PRT,2010,19698.6836791397,21.1994526798182,0.0459100367184907,107.523330688477,19778.7139525722,0.0004054491322513343,0.05045910036718491,9.888307094175856,-1.5511948216330964,-2.9865921645610367,4.677707853680439
PRY,1990,4059.77343113365,17.8089132669601,2.71114328092203,32.9381713867188,4074.48953320457,0.0003618304003902395,0.0771114328092203,8.308882445899119,-1.7254711086863224,-2.5625037239427577,3.494632209751334
PRY,2000,4074.48953320457,17.3392448147808,1.93460053752763,64.4096298217773,5191.05014254362,0.02421905453927966,0.0693460053752763,8.312500749903021,-1.7521977672115001,-2.6686467348135845,4.165263153325661
PRY,2010,5191.05014254362,23.834958440668,1.16985801191993,73.1651100594436,6109.19608100826,0.016285917391009798,0.0616985801191993,8.554691295295818,-1.4340168409590863,-2.785494360990383,4.292718668806821
PSE,2000,2436.01207739636,31.5026891691395,2.55523569844846,76.0071334838867,2927.08101953403,0.018364337967048082,0.07555235698448459,7.798117586697776,-1.1550972733514804,-2.582929393073195,4.3308271975116925
PSE,2010,2927.08101953403,19.847131126375,2.59703221798976,89.1773371332236,2922.46801084844,-0.00015772188994107595,0.0759703221798976,7.981760966368257,-1.6171107169385566,-2.5774125125927876,4.49062693929203
PST,2000,34226.7039362383,24.4311059219751,0.506639541129563,100.300071716309,38170.9680272624,0.01090690711415938,0.05506639541129563,10.440761435220882,-1.4093130327305643,-2.8992156325204963,4.60816640998567
PST,2010,38170.9680272624,20.8322582188432,0.474124527896789,102.897079467773,41771.300719227,0.009013429067806732,0.05474124527896789,10.549830506362476,-1.5686675247409811,-2.9051378266519627,4.633729260199835
QAT,2010,72333.8027430124,31.6551222991847,0.491609879237911,98.150178716375,57769.5836053284,-0.022482915241996436,0.05491609879237911,11.189046833368163,-1.1502702084965521,-2.9019487349758,4.586498741570278
ROU,2000,4569.31124324524,19.6695811091698,-0.129440039806255,82.38330078125,7660.70667630517,0.05167417539795327,0.048705599601937447,8.427117759892157,-1.6260968497381454,-3.0219612739441755,4.411382755955304
ROU,2010,7660.70667630517,27.1890794202952,-0.593959183588628,102.467903137207,10854.049431887,0.034843399499658645,0.04406040816411372,8.94385951387169,-1.302354785206504,-3.122193673826207,4.629549609415046
RWA,2010,583.371416419483,20.5325011611394,2.52365134392041,32.4029083251953,826.391307701022,0.034824433807032394,0.0752365134392041,6.368824061409001,-1.583161132804591,-2.5871186148148655,3.4782481818931275
SAS,2000,758.133172484319,26.1066188065721,1.87010525668308,47.5083808898926,1222.51823014544,0.047780907391813884,0.0687010525668308,6.630859059504112,-1.3429813096874612,-2.6779907586655134,3.8609061352641394
SAS,2010,1222.51823014544,39.1895716886255,1.36549213990938,63.2981491088867,1806.99045389559,0.03907498743090896,0.0636549213990938,7.108668133422251,-0.9367595029348837,-2.7542786372647696,4.147856088736642
SDN,2010,1311.22314453125,20.3985392323003,2.41578933319134,39.6667785644531,1056.86474609375,-0.021565366117927986,0.0741578933319134,7.17871567868571,-1.5897068939615604,-2.601558765194997,3.68051402539204
SEN,1990,990.777522619822,14.5972584845911,2.86848639350223,14.357439994812,1048.37474052363,0.005650636653550656,0.0786848639350223,6.898490011265645,-1.9243364499337454,-2.5423044681673512,2.6642682743857145
SEN,2000,1048.37474052363,22.3732272873417,2.41009917724256,15.2092504501343,1153.53431121583,0.009558944468092,0.0741009917724256,6.954996377801152,-1.4973051523472036,-2.6023263625264037,2.7219038249868333
SEN,2010,1153.53431121583,20.0869466642817,2.38690195279185,37.1267013549805,1361.79143748646,0.016597052290307078,0.0738690195279185,7.050585822482072,-1.6051000015748453,-2.605461760469627,3.614336423816387
SLB,1990,1805.73206812837,7.54537821282825,3.11124698251204,13.3273401260376,1747.71796168688,-0.0032655172405021914,0.08111246982512041,7.498721366452946,-2.5842349674131944,-2.511918571047613,2.5898175738474882
SLB,2000,1747.71796168688,7.62912028660779,2.28927444576947,19.1796207427979,2058.95691648883,0.016388858827761865,0.0728927444576947,7.466066194047924,-2.573197643982697,-2.618766172249989,2.9538482956830405
SLB,2010,2058.95691648883,17.9438829858377,2.82139788482931,50.952808380127,1930.65510307199,-0.0064340126376981385,0.07821397884829309,7.629954782325543,-1.7179209098660284,-2.54830688975531,3.930899878466191
SLE,1990,992.259351903398,13.0059154757791,3.95613903304841,16.6202907562256,727.240914632596,-0.03107267120387993,0.0895613903304841,6.899984516565495,-2.0397658954259197,-2.4128309633604212,2.8106242836320154
SLV,2000,2964.89346881406,17.6690604559246,0.497012728838862,54.8399314880371,3398.49346060363,0.013649113137138614,0.05497012728838862,7.99459638121267,-1.733355072777871,-2.9009653815148573,4.004418605386935
SLV,2010,3398.49346060363,16.6715814032151,0.329632681613896,68.1448218125398,3808.53195436409,0.01139115674690494,0.05329632681613896,8.131087512584056,-1.7914646285049471,-2.9318878654545424,4.221635173047968
SRB,2000,3542.35365914848,9.06363107933195,-0.319524801286905,91.1882629394531,5690.70327182682,0.04740424566816674,0.04680475198713095,8.172546660661723,-2.4009003648413922,-3.06177054302663,4.512926192958935
SRB,2010,5690.70327182682,17.3241841893613,-0.402005900874718,91.4276275634766,6850.96742168834,0.018555603338449522,0.04597994099125282,8.64658911734339,-1.7530667306579835,-3.079550043004758,4.5155477037206415
SSA,1990,1379.94647152079,23.2262928921492,2.69259311685165,22.6359691619873,1300.93157211291,-0.005896410789410033,0.07692593116851651,7.229799988645897,-1.4598852347149234,-2.5649122529592026,3.1195401969356182
SSA,2000,1300.93157211291,22.8187914246268,2.61361550472722,25.4297409057617,1667.51820351409,0.02482558136285249,0.0761361550472722,7.170835880751796,-1.4775858041912413,-2.575232027762658,3.2359193908552553
SSA,2010,1667.51820351409,23.5572587441409,2.74695987259406,38.6344184875488,1613.92902099825,-0.0032664823594119596,0.0774695987259406,7.419091694380321,-1.4457361860903986,-2.557869694086598,3.654143549830544
SSF,1990,1279.18581775691,22.9477978307515,2.78401580624554,22.6459808349609,1197.83286103765,-0.0065709820702958945,0.0778401580624554,7.153979074651617,-1.4719482091726017,-2.5530978104993656,3.119982389603443
SSF,2000,1197.83286103765,22.8785984953851,2.65831046632059,25.4356002807617,1542.53215408965,0.025291134705261696,0.07658310466320589,7.088269253948658,-1.4749682759249616,-2.569378792318287,3.2361497785766087
SSF,2010,1542.53215408965,23.5907011298288,2.75588804167845,38.6372413635254,1529.24894566347,-0.000864859232564541,0.07755888041678449,7.341180601001275,-1.4443175715252818,-2.5567178837713813,3.654216613512191
SST,2000,8220.23901042675,23.8690562402233,0.56346741191941,59.234790802002,9921.82379714539,0.018813746957741274,0.0556346741191941,9.014354564321758,-1.432587283904388,-2.8889486368679407,4.081509051738496
SST,2010,9921.82379714539,23.6457548627131,1.00805671545675,70.7695770263672,10330.2244204664,0.004033725309628089,0.0600805671545675,9.202492033899171,-1.441986585567282,-2.812068831581342,4.259429205333464
SUR,2010,8603.90786745855,36.2044525973484,1.16234546951658,71.4902572631836,7213.10766669943,-0.017631662307515405,0.0616234546951658,9.059971782224588,-1.0159880747934853,-2.786712722874204,4.269561178362069
SVK,2000,8997.21199594319,27.8153225458448,-0.135376487794425,87.4875564575195,14596.1477776887,0.04838428919397959,0.04864623512205575,9.104670030098635,-1.279583146416446,-3.0231808603527557,4.4714965713364325
SVK,2010,14596.1477776887,25.3783368279954,0.0931912731899838,94.7793426513672,17763.8563847352,0.019640820971665286,0.05093191273189984,9.588512922038431,-1.371274256660931,-2.9772655826962,4.551551480994894
SVN,2000,16146.1216848394,29.0574911701523,0.29607496005045,102.752769470215,20444.1201295876,0.02360154394442162,0.052960749600504495,9.689435156458172,-1.2358938643274078,-2.9382042133654767,4.632325806494516
SVN,2010,20444.1201295876,22.5601344858632,0.43607948463593,98.5378189086914,22811.8050540778,0.010958285057554917,0.0543607948463593,9.925450595902388,-1.4889857981232,-2.912112067908387,4.59044042280034
SWE,2000,41561.7747635857,22.2311755975548,0.160575484575313,151.756378173828,48205.5492512742,0.01482932751574797,0.05160575484575313,10.634936147948784,-1.5036745760294803,-2.9641220846949357,5.022276459855864
SWE,2010,48205.5492512742,22.4219023210946,0.852524628765313,102.25106048584,51624.5811789573,0.006852379436788602,0.05852524628765313,10.783229423106263,-1.495131922653004,-2.8382970573670607,4.627431166368785
SYC,2000,11703.7535246117,24.9183939465335,0.892658566766174,76.5603332519531,12313.5566919249,0.0050791221086802455,0.05892658566766174,9.367664883405393,-1.3895639425191797,-2.8314629205913886,4.338079099955929
SYC,2010,12313.5566919249,37.0314238165867,2.79232906929128,70.6972427368164,17048.361729788,0.03253532873734475,0.0779232906929128,9.418456104492195,-0.9934033414483578,-2.552030388854364,4.258406572662769
TCD,1990,602.670685766624,6.75350745613147,2.76650764072333,6.07534980773926,530.600331270541,-0.012736185508691378,0.0776650764072333,6.401370921122324,-2.695108192930414,-2.555349589737519,1.8042395690897257
TCD,2000,530.600331270541,23.2739022193722,3.45886279310456,10.964280128479,956.953018715651,0.058974523196133166,0.0845886279310456,6.27400906603541,-1.457837529592625,-2.4699554430242014,2.3946427279571796
TCD,2010,956.953018715651,21.8544482247032,3.46077094768596,22.369271805704,884.980541933197,-0.007818863974668133,0.0846077094768596,6.863754297996742,-1.5207657050881545,-2.469729887953835,3.1076882227014817
TEA,1990,1085.41586339355,33.7839964544776,1.6165545825019,40.3148994445801,2157.91938010453,0.06871813097296284,0.066165545825019,6.989718476773608,-1.0851829733032456,-2.7155954073387365,3.6967211138905434
TEA,2000,2157.91938010453,30.3223471911258,1.00260715390457,58.4025802612305,4852.74429762631,0.08103998719664034,0.0600260715390457,7.6768997865032365,-1.1932852142548898,-2.8129762854882063,4.067360071413478
TEA,2010,4852.74429762631,42.2388539632697,0.745622555784235,82.7601089477539,8386.63950211,0.05470955246542904,0.05745622555784235,8.48729965846964,-0.8618296785095328,-2.85673191575698,4.415946169306562
TEC,2000,4430.11168037444,21.7616116652965,-0.0516989573263383,89.4128036499023,6986.9535552226,0.04556198384789294,0.04948301042673661,8.396180072738218,-1.525022701242305,-3.006125892024519,4.493263889485241
TEC,2010,6986.9535552226,24.1270496336655,0.369045723134963,92.3682632446289,8778.05956344465,0.02282107445451089,0.05369045723134963,8.851799911217148,-1.4218365834634308,-2.924519998447776,4.525783448269359
TGO,1990,703.623952029279,36.1405141327804,2.92706719938482,19.9296493530273,679.533421599502,-0.003483763643642934,0.0792706719938482,6.556244054394955,-1.0177556747829637,-2.5348870548907376,2.992208540142548
TGO,2000,679.533421599502,29.4974703074911,2.75685668978126,31.6074600219727,644.5632812645,-0.005283341379803108,0.07756856689781261,6.521406417958525,-1.2208656786076924,-2.5565929996040935,3.453393169375866
THA,2010,5059.35747831657,25.3566546340746,0.670617338343587,78.3943786621094,6035.18627737077,0.017636722558210315,0.05670617338343587,8.528994773648948,-1.3721289801807728,-2.8698721961604696,4.361752224047341
TJK,2000,429.537300984643,9.41400347008451,1.22252956506886,71.9670562744141,770.604105393791,0.05844661745921718,0.0622252956506886,6.062708585114621,-2.3629718744002743,-2.776993679422957,4.2762084625630665
TJK,2010,770.604105393791,23.8461818667509,2.13859732955825,83.9114990234375,1171.90127480359,0.04192079703663616,0.0713859732955825,6.647174759706793,-1.4335460709138308,-2.639653881378729,4.4297626603802245
TLA,2000,6609.80119656787,20.2047753294762,1.49578815559574,79.2825164794922,7913.95492804608,0.01800740704800834,0.0649578815559574,8.796308856231237,-1.5992512070702714,-2.734016195175916,4.373017631186647
TLA,2010,7913.95492804608,22.0405725234113,1.11973184926313,89.2030792236328,7684.38521376063,-0.002943727214806913,0.0611973184926313,8.97638292671132,-1.5122852254794514,-2.7936519059036637,4.490915559434461
TLS,2010,1195.38066079604,42.7178116804653,2.41648998363508,68.3026309590313,1947.83992943521,0.04882563508381095,0.0741648998363508,7.086219958240249,-0.8505542173563914,-2.6014642887589354,4.223948286464878
TON,2000,3866.68574867282,20.2585110596869,0.616444657597358,100.165519714355,3653.97801722796,-0.005658130258020755,0.05616444657597358,8.26015302341576,-1.596595181492732,-2.879471345476302,4.6068240148025446
TON,2010,3653.97801722796,29.15474136719,0.183594875501069,105.640548706055,4647.0076512901,0.024040705474905978,0.051835948755010686,8.203571720835553,-1.2325526323123315,-2.9596713790079088,4.660042281528042
TSA,2000,758.133172484319,26.1066188065721,1.87010525668308,47.5083808898926,1222.51823014544,0.047780907391813884,0.0687010525668308,6.630859059504112,-1.3429813096874612,-2.6779907586655134,3.8609061352641394
TSA,2010,1222.51823014544,39.1895716886255,1.36549213990938,63.2981491088867,1806.99045389559,0.03907498743090896,0.0636549213990938,7.108668133422251,-0.9367595029348837,-2.7542786372647696,4.147856088736642
TSS,1990,1279.18581775691,22.9477978307515,2.78401580624554,22.6459808349609,1197.83286103765,-0.0065709820702958945,0.0778401580624554,7.153979074651617,-1.4719482091726017,-2.5530978104993656,3.119982389603443
TSS,2000,1197.83286103765,22.8785984953851,2.65831046632059,25.4356002807617,1542.53215408965,0.025291134705261696,0.07658310466320589,7.088269253948658,-1.4749682759249616,-2.569378792318287,3.2361497785766087
TSS,2010,1542.53215408965,23.5907011298287,2.75588804167845,38.6372413635254,1529.24894566347,-0.000864859232564541,0.07755888041678449,7.341180601001275,-1.444317571525286,-2.5567178837713813,3.654216613512191
TUN,1990,2114.47034536085,27.0680584705567,2.09824676539887,43.0990982055664,2864.54703666618,0.030360588187130944,0.0709824676539887,7.656559632392753,-1.3068158074846135,-2.6453223668850163,3.763502073586083
TUN,2000,2864.54703666618,25.8988088362201,1.12222559070037,72.4827117919922,3906.90625867605,0.031033558733092548,0.0612222559070037,7.960165514264062,-1.350973209219745,-2.793244496960451,4.283348075383503
TUN,2010,3906.90625867605,25.8362686991415,1.07673286637757,88.1112289428711,3749.26841452928,-0.004118509112181456,0.060767328663775697,8.270501101594988,-1.3533909176884236,-2.8007029919419906,4.478599981606486
TUR,2000,6326.25746472488,24.011318241332,1.28297648712556,74.5879898071289,8472.57809050119,0.029212601788796633,0.0628297648712556,8.752464102488055,-1.4266448734165262,-2.767326354874847,4.311979499706195
TUR,2010,8472.57809050119,28.4520777825517,1.51943093763293,84.2024002075195,12338.643833135,0.03759012709738041,0.0651943093763293,9.044590120376022,-1.2569489953038964,-2.730383093362759,4.43322342686954
TZA,2010,801.29931640625,32.0172443063631,2.54448522649017,31.8920497894287,1041.25964355469,0.026195189927750384,0.0754448522649017,6.68623455567777,-1.1388955437606676,-2.5843533232011993,3.462356755827689
UGA,1990,369.839286985576,12.7040800379721,3.2344599665248,11.0182104110718,509.19755319016,0.031976750968936506,0.082344599665248,5.913068551778414,-2.063246981284951,-2.496842402344291,2.3995493958977487
UKR,2000,1409.22265625,19.8037790697674,-0.843515300409476,97.8325805664062,2285.93383789063,0.04837363779086834,0.041564846995905236,7.250793523722175,-1.6192974043899921,-3.1805004930859706,4.583257656189583
UKR,2010,2285.93383789063,18.3723680042121,-0.360396778842802,98.1416817681323,2324.107421875,0.0016561438110480609,0.04639603221157198,7.734529901630858,-1.694322389014722,-3.0705413360879836,4.586412166933641
UMC,1990,2402.94782233382,26.9905993597954,1.62089988511727,51.8381881713867,3401.7581851933,0.03475961682909716,0.0662089988511727,7.784451521948425,-1.3096815524690864,-2.7149388909696603,3.948127101035607
UMC,2000,3401.7581851933,24.6083181619435,1.00921793611471,67.0187606811523,5923.1985183612,0.055458418199813765,0.0600921793611471,8.132047690239396,-1.4020856635407224,-2.8118755730106186,4.204972590361888
UMC,2010,5923.1985183612,33.8943674288794,0.798255018018448,87.8220291137695,8611.33439075379,0.03742026946803545,0.05798255018018448,8.686631872237534,-1.08192133794698,-2.8476131726651914,4.475312370238652
URY,2000,11096.3309569487,14.4570209010912,0.373944815859448,96.8511276245117,14722.3780081191,0.028275414046022896,0.05373944815859448,9.314369788239542,-1.933990013920893,-2.9236079445748233,4.57317503278483
URY,2010,14722.3780081191,19.4076054759968,0.256129913246022,98.6642990112305,16443.3635000843,0.011055331144676472,0.052561299132460215,9.597123928699771,-1.6395051618991947,-2.945775187979202,4.591723168860231
UZB,2000,1269.72137546219,19.6000122865217,1.26281282930164,85.3468933105469,2144.6400056546,0.052417422176209885,0.0626281282930164,7.146552765983412,-1.6296399928884642,-2.77054076804201,4.446724049170206
UZB,2010,2144.6400056546,27.1781979326708,1.58433607799586,89.9835586547852,3249.05191094018,0.04153915253090865,0.0658433607799586,7.67072698774551,-1.302755080689357,-2.7204766792629793,4.499626972028449
VEN,1990,3762.27506756855,9.88970986648743,2.44084938719203,53.3853302001953,3740.0195496928,-0.0005933006978537491,0.0744084938719203,8.232779124564042,-2.3136753768315637,-2.598185178714247,3.9775359928728267
VEN,2000,3740.0195496928,24.1703919915729,1.89379499634952,59.0772895812988,4332.02681796507,0.014694468118220528,0.0689379499634952,8.226846117585504,-1.4200417733002442,-2.6745484548673937,4.078846579517002
VEN,2010,4332.02681796507,21.9716579748512,1.30934216855774,80.7240982055664,1255.37263090506,-0.12386030742171457,0.0630934216855774,8.37379079876771,-1.5154168370383418,-2.763138767079159,4.3910371453904435
VUT,2000,2841.73909435642,19.9139980235571,2.29858977943606,34.476390838623,2856.77377649901,0.0005276716002382109,0.0729858977943606,7.952171500908861,-1.613747283271119,-2.617489037394749,3.540274766262924
VUT,2010,2856.77377649901,37.0068927318604,2.34288677835416,55.240120859084,2771.87098808052,-0.0030170398781013573,0.0734288677835416,7.957448216911243,-0.9940660006434227,-2.611438126627801,4.0116895164294295
WLD,1990,6783.2055889084,26.0936120299994,1.74350563960908,53.2033500671387,7858.90796621258,0.014719787025109454,0.06743505639609079,8.82220506992335,-1.3434796514240182,-2.6965902717106958,3.9741213655518144
WLD,2000,7858.90796621258,24.4624865317714,1.36404895949606,59.471851348877,9298.74987325049,0.016823230770029517,0.0636404895949606,8.969402940174444,-1.4080294038323682,-2.754505382346659,4.085503114037329
WLD,2010,9298.74987325049,24.5624976427012,1.21683691645466,70.9471435546875,10541.8118545305,0.012546946215391586,0.0621683691645466,9.137635247874739,-1.4039493923300683,-2.7779089429164885,4.2619351428193815
WSM,2010,4081.15535978003,14.6447083760345,0.785366135493998,84.0352967940982,4283.06392492734,0.00482884990450323,0.05785366135493998,8.314135403728008,-1.92109111877559,-2.849838536853594,4.431236910513787
ZAF,1990,4544.23023212165,18.2312412035802,2.78138037228425,67.8069534301758,4700.87555500704,0.0033890432250274216,0.0778138037228425,8.421613626397736,-1.702033513845629,-2.5534364377924,4.216664747654836
ZAF,2000,4700.87555500704,15.0602810875446,0.914659168313889,74.3193817138672,5953.94506512821,0.02363052563363066,0.05914659168313889,8.45550405864801,-1.89310929927893,-2.8277363118047605,4.308371775228071
ZAF,2010,5953.94506512821,17.5956446037105,1.1829095702162,86.5922045596808,5569.58483319272,-0.006673352107205943,0.061829095702161996,8.691809314984317,-1.7375187802669407,-2.7833812210699325,4.4612097948847875
ZWE,1990,1653.56521361694,17.3769427588351,2.72471534157706,45.1692810058594,1677.34896793251,0.0014280859384899537,0.0772471534157706,7.4106889713882635,-1.7500259873297592,-2.5607452128700112,3.8104172320250926
ZWE,2000,1677.34896793251,13.5696410562881,0.917384654947152,40.0179290771484,1056.20884563889,-0.04625286155695889,0.05917384654947152,7.424969830773163,-1.9973351637595333,-2.827275615965195,3.689327580618964
