country,year,gdp_per_capita,investment_rate,population_growth,n_g_delta,ln_y,ln_s,ln_ngd
ABW,2000,28104.89544,25.49411358,1.030816853,0.06030816853,10.243699055094796,-1.3667226004713646,-2.808287719581076
ABW,2010,25429.2181,28.28317971,0.230041096,0.05230041096,10.143654110794426,-1.262902914575867,-2.950751050198346
ABW,2020,22729.88976,23.94928059,-0.565684047,0.044343159529999995,10.031436066856825,-1.4292319005781413,-3.1157968204539577
AFE,2000,1205.981054,18.98345725,2.59538934,0.0759538934,7.095048667379319,-1.6616022571284763,-2.57762878858143
AFE,2010,1449.48916,21.58556779,2.734525196,0.07734525196,7.278966469892905,-1.5331452524852918,-2.5594760876868166
AFE,2020,1399.398498,19.69887327,2.699516097,0.07699516097,7.243797778994084,-1.6246087462960552,-2.564012703648709
AFG,2020,527.8345545,11.5,3.153609203,0.08153609202999999,6.268782890853851,-2.162823150618887,-2.5067095097692453
AGO,2010,3540.791596,29.76383279,3.851098249,0.08851098249,8.172105595819048,-1.2118761943293594,-2.424628638735313
AGO,2020,2864.16146,19.64395623,3.267958649,0.08267958649,7.960030902189811,-1.6274004659748462,-2.4927825455115067
ALB,1990,1682.881087,30.36094681,1.799085593,0.06799085593,7.428262536317295,-1.1920130478468067,-2.688382054465796
ALB,2000,1991.914359,34.04013922,-0.637356834,0.04362643166,7.596851444750461,-1.0776297923970395,-3.1320920815768223
ALB,2010,3579.824132,32.49262263,-0.496461963,0.04503538037,8.183068953048402,-1.124157118419891,-3.100306867684619
ALB,2020,4980.616995,26.21834725,-1.543155893,0.03456844107,8.513309056922713,-1.3387107435828145,-3.364814120945362
ARB,1990,4290.848651,30.18149975,3.286266692,0.08286266692,8.36423981310404,-1.1979410403774369,-2.4905706569951747
ARB,2000,4910.082592,19.82002026,2.415435275,0.07415435275,8.499046041828354,-1.6184776348869738,-2.6016065101655927
ARB,2010,5948.129165,26.83529857,1.995151689,0.06995151689,8.69083202304702,-1.3154520542799608,-2.6599528927590943
ARB,2020,5904.571242,24.25003307,2.102945229,0.07102945229,8.68348211668114,-1.4167522048941887,-2.644660666969345
ARE,2010,42328.85082,28.91930537,2.398012041,0.07398012041,10.653224185024554,-1.2406608080039694,-2.603958864977099
ARE,2020,39878.47443,22.82665626,-0.474850155,0.04525149845,10.593591969332035,-1.477241198722351,-3.0955194944673616
ARG,1990,8115.093864,13.99698158,1.491574629,0.06491574628999999,9.001481046610078,-1.9663284810467334,-2.7346650608176106
ARG,2000,10631.65036,17.53348744,1.133128076,0.061331280759999995,9.271590714224045,-1.7410575655975509,-2.791465276470821
ARG,2010,13387.15537,17.70553381,1.056363322,0.060563633219999996,9.502050971754255,-1.7312929506386885,-2.8040606779272643
ARG,2020,11393.0506,14.41515574,0.484665637,0.054846656369999996,9.340758852011874,-1.9368900509325024,-2.903214053644985
ARM,1990,1644.022145,47.14768436,3.117463214,0.08117463214,7.40490104572005,-0.7518852903097902,-2.511152492694287
ARM,2000,1229.215104,21.9223314,1.684784636,0.06684784636,7.114131117847612,-1.517664370074995,-2.7053361919591152
ARM,2010,2796.081434,38.81475499,-0.693856289,0.04306143711,7.935974228108398,-0.9463697284007887,-3.145127413009249
ARM,2020,4032.090435,19.66383294,-0.033760973,0.049662390269999995,8.302040238815147,-1.6263891289287358,-3.0025073673580818
AUS,1990,36975.4199,28.90354135,1.480046937,0.06480046937,10.518008643836357,-1.2412060603145962,-2.7364424322859433
AUS,2000,45979.07657,26.20423805,1.144472851,0.06144472851,10.735941714818415,-1.3392490306688078,-2.7896172316783177
AUS,2010,53768.34973,26.69769326,1.555706262,0.06555706262,10.892440278055073,-1.3205930190706838,-2.724834330564193
AUS,2020,58377.76705,22.34493008,1.233428251,0.06233428251,10.97469039513259,-1.4985707327192304,-2.7752437234784413
AUT,1990,31167.1858,27.02913658,0.762001611,0.05762001611,10.34712108315444,-1.3082547692361914,-2.8538852697353736
AUT,2000,38571.08588,25.94007871,0.240466652,0.052404666520000004,10.560258204293138,-1.349380972794451,-2.9487596358951755
AUT,2010,43035.40735,22.85928124,0.2403943,0.052403942999999995,10.669778482590072,-1.4758129699355036,-2.948773442394533
AUT,2020,43428.69831,25.65307375,0.415176732,0.05415176732,10.67887575294062,-1.3605067872428778,-2.915964668579271
AZE,1990,2866.410607,26.53478854,1.384413502,0.06384413502,7.960815866444405,-1.3267135388374052,-2.751310556321633
AZE,2000,1504.731067,20.67357623,0.821519964,0.05821519964,7.31636946819222,-1.5763138117784927,-2.843608796142343
AZE,2010,5300.110487,18.05957848,1.189787708,0.06189787708,8.5754829459267,-1.7114939782494851,-2.7822693958409346
AZE,2020,5087.500228,23.66595433,0.684365325,0.05684365325,8.534541874566575,-1.4411326968002558,-2.8674507052992744
BEL,1990,29609.62075,24.34637344,0.298235706,0.05298235706,10.295854612840698,-1.4127872822536254,-2.937796306509123
BEL,2000,35878.31536,23.7829613,0.242517956,0.05242517956,10.48788836300802,-1.4362007734625701,-2.9483682771165665
BEL,2010,39991.56462,22.39427446,0.913639392,0.05913639392,10.59642382635681,-1.4963648642637717,-2.8279087417296926
BEL,2020,40769.02181,24.06856785,0.430996815,0.05430996815,10.615677802638539,-1.4242634353400865,-2.913047493383723
BEN,1990,749.4596666,14.06035642,3.072815262,0.08072815262,6.619352502352146,-1.9618109499980003,-2.5166679092756654
BEN,2000,861.213292,16.00840245,3.076652652,0.08076652651999999,6.758342199648853,-1.8320564484679551,-2.5161926750335644
BEN,2010,928.2466553,15.60808921,2.984241628,0.07984241628,6.8332974898188095,-1.8573808670249792,-2.5277003834088188
BEN,2020,1126.654041,25.63384351,2.662598752,0.07662598752,7.027007493533147,-1.361256695481804,-2.5688189971089703
BFA,1990,332.1532767,18.91339663,2.634820616,0.07634820616,5.80559653918377,-1.6652996986120792,-2.5724507425509393
BFA,2000,428.3097966,14.57069906,2.984144224,0.07984144224,6.059846757579443,-1.926157587522207,-2.5277125830138263
BFA,2010,561.8472213,21.990434,2.925779475,0.07925779475,6.331229964715625,-1.5145626453724315,-2.5350495145945504
BFA,2020,713.8421779,17.16151743,2.435229593,0.07435229593,6.570661898551044,-1.7625006675161503,-2.5989407265258513
BGD,1990,473.444821,16.45867552,1.990333689,0.06990333689,6.16003537151658,-1.8043174605624392,-2.660641892827434
BGD,2000,620.5604728,23.80856257,1.827328067,0.06827328066999999,6.43062305807481,-1.4351248981642961,-2.6842367943634717
BGD,2010,943.6642286,26.24665618,0.876530534,0.05876530534,6.849770412830421,-1.3376315886834884,-2.834203643460848
BGD,2020,1604.665923,31.30794134,0.836310836,0.05836310836,7.3806708662348335,-1.1612984036897744,-2.841071294922746
BGR,1990,4425.499683,25.58877829,-1.803750479,0.03196249521,8.395138473778605,-1.36301627865204,-3.4431920882279643
BGR,2000,3717.928899,19.04614349,-0.493896417,0.04506103583,8.220922044645064,-1.658305546379238,-3.099737356448202
BGR,2010,6428.717426,22.51796856,-0.658275447,0.043417245529999995,8.768530330150371,-1.4908565928244875,-3.136898554360929
BGR,2020,8440.083047,20.1519208,-1.002938214,0.03997061786,9.040747427233537,-1.6018705770765096,-3.2196106482848097
BHR,1990,18345.838,14.44942756,3.452489077,0.08452489077,9.817158015767886,-1.9345153874392675,-2.470709222669413
BHR,2000,25407.96941,16.57505906,2.63695278,0.0763695278,10.142818160094626,-1.7972710867249266,-2.572171513157133
BHR,2010,22224.07362,28.598356,4.165859919,0.09165859919,10.008931377623627,-1.2518209523319503,-2.389684482693044
BHR,2020,23586.93096,37.29566715,-0.781611308,0.04218388692,10.068448064743512,-0.9862930282840636,-3.16571695739477
BHS,1990,30995.48307,29.41471889,1.742613867,0.06742613867,10.341596765431571,-1.2236749944061016,-2.69672252214937
BHS,2000,32424.72718,30.18521706,1.312010913,0.06312010912999999,10.386676595271068,-1.1978178827766552,-2.762715873516989
BHS,2010,30657.43191,27.98600601,1.278417166,0.06278417166,10.330630388643744,-1.2734655861043604,-2.7680522809068915
BHS,2020,24791.67049,23.07105913,0.300555038,0.05300555038,10.118263008398296,-1.4665912054500785,-2.937358646762263
BIH,2000,2567.34137,30.30638485,0.710877056,0.05710877056,7.850626156057597,-1.193811774549233,-2.8627975741154446
BIH,2010,3981.209857,21.91466859,-1.776659321,0.03223340679,8.28934103625551,-1.518013974750488,-3.4347518862897686
BIH,2020,5490.753666,23.46769978,-1.39008469,0.0360991531,8.61082080486299,-1.4495451877453547,-3.321485873752283
BLR,1990,2888.812966,26.55889145,0.190065083,0.05190065083,7.968600958322048,-1.3258055998261964,-2.958423948811849
BLR,2000,2615.363768,25.39867306,-0.471131335,0.04528868665,7.869158475046169,-1.3704732550605307,-3.0946980205096883
BLR,2010,5616.094117,40.65636626,-0.218522756,0.04781477244,8.633391704290291,-0.9000147506944666,-3.040420640367947
BLR,2020,6251.98899,27.45483593,-0.42347525,0.045765247499999995,8.740654930503348,-1.2926278612357744,-3.084230264097088
BLZ,1990,4112.595175,22.05142705,2.191797456,0.07191797456,8.321809537662979,-1.5117928673685472,-2.6322290516180096
BLZ,2000,5663.646324,26.20335792,3.267092021,0.08267092021,8.641823190627314,-1.3392826185479614,-2.4928873686557584
BLZ,2010,5937.753983,15.45117166,2.41171252,0.0741171252,8.689086223512236,-1.8674853499210051,-2.602108664069998
BLZ,2020,5006.484533,18.44343234,1.283235981,0.06283235981,8.518489257759285,-1.690461849605883,-2.7672850546222634
BMU,2010,118382.909,13.04302674,0.251394586,0.052513945859999994,11.681679641350465,-2.036916544460208,-2.9466765092308314
BMU,2020,98999.50766,12.23790408,0.42805286,0.0542805286,11.502870155973048,-2.1006321588604657,-2.9135897056693714
BOL,1990,1679.408479,12.53193671,2.102925671,0.07102925671,7.42619691456368,-2.0768898631822044,-2.6446634204788113
BOL,2000,2014.190247,18.14347869,1.717127233,0.06717127233,7.60797253108138,-1.7068589906676856,-2.7005096179443946
BOL,2010,2481.407009,17.00701846,1.644406818,0.06644406818,7.816581020619918,-1.771544076542995,-2.711394765226568
BOL,2020,2765.092718,17.26834592,1.233964427,0.06233964427,7.924829446124786,-1.7562950760655784,-2.7751577109473247
BRA,1990,6149.867182,20.1677066,1.786135751,0.06786135751,8.724185764144593,-1.6010875440067855,-2.690288515257913
BRA,2000,6817.783456,18.90311927,1.375211283,0.06375211283,8.827289691559852,-1.6658432367994787,-2.752752953061427
BRA,2010,8792.63335,21.80132156,0.840883225,0.05840883225,9.081669530568075,-1.5231995960121396,-2.8402881634256074
BRA,2020,8435.010462,16.1158206,0.57935071,0.0557935071,9.040146235287539,-1.8253687505154395,-2.8860977765803004
BRN,1990,44179.82787,10.8883468,2.872121068,0.07872121068,10.696023580859682,-2.2174770695664563,-2.5418426467832327
BRN,2000,37509.59838,18.73747044,2.171847504,0.07171847504000001,10.532352136007148,-1.6746449001456765,-2.635006893159491
BRN,2010,33121.31782,23.69025753,1.898976893,0.06898976893,10.407932396958833,-1.4401062970449099,-2.673797061755718
BRN,2020,30015.95885,40.58783027,1.061482816,0.06061482816,10.30948448086951,-0.901701911357864,-2.803215726729455
BTN,1990,812.6713256,27.8570302,2.700544979,0.07700544979,6.70032675425249,-1.2780848205903994,-2.5638790831394846
BTN,2000,1259.623765,54.04204741,2.422280776,0.07422280776,7.138568356149555,-0.6154077866781817,-2.6006837938307927
BTN,2010,2378.728108,62.93345252,1.095438076,0.060954380759999996,7.774321215415093,-0.4630923270906619,-2.797629550986362
BTN,2020,3092.124284,39.07057236,0.675256503,0.05675256503,8.036613604242321,-0.9398006274251404,-2.8690544248755385
BWA,1990,4039.465445,37.36697697,2.75036067,0.0775036067,8.303867646606657,-0.9843828403306759,-2.557430805641182
BWA,2000,5062.642892,29.55108039,2.132106063,0.07132106063,8.529643936596708,-1.2190498813830168,-2.6405636146732108
BWA,2010,5584.503432,34.70210913,2.109435975,0.07109435975,8.627750796538844,-1.058369719038039,-2.6437472737302956
BWA,2020,6254.248062,32.72725984,1.439410358,0.06439410358,8.741016201765868,-1.1169618211141614,-2.7427332093804093
CAF,1990,519.786736,12.70805981,3.10993471,0.0810993471,6.25341860437508,-2.0629337631077926,-2.5120803684480464
CAF,2000,437.1689284,11.07229594,2.749554199,0.07749554199,6.08031968424343,-2.2007240587850116,-2.5575348669870075
CAF,2010,519.1414564,16.8437813,-0.799202484,0.04200797516,6.252176401713344,-1.7811886596245177,-3.1698957939626933
CAF,2020,398.8342741,26.0,1.643247897,0.06643247897,5.988545977474026,-1.3470736479666092,-2.7115692009758097
CAN,1990,31700.54626,21.30421092,1.507660673,0.06507660673,10.364089191893555,-1.5462654370372986,-2.7321901379721973
CAN,2000,37906.86013,20.61446771,0.931281553,0.05931281553,10.542887380759497,-1.5791770406816228,-2.8249298828368885
CAN,2010,41164.33991,23.4820047,1.11135203,0.0611135203,10.625327624379862,-1.4489358156267824,-2.795022155778
CAN,2020,42366.12854,22.67471761,1.084368971,0.060843689709999996,10.654104466776527,-1.483919643868189,-2.7994471673089736
CEB,2000,7450.860823,25.55189886,-0.56377369,0.0443622631,8.916084851410007,-1.3644585527261488,-3.1153661011195823
CEB,2010,10998.65348,22.99178053,-0.362321893,0.04637678107,9.30552813337859,-1.4700334021910657,-3.07095635296992
CEB,2020,14621.13637,21.89668892,-0.638677454,0.04361322546,9.59022345736936,-1.5188347514637075,-3.1323948383857516
CHE,1990,70063.85171,34.91963409,1.026873072,0.06026873072,11.157162272545449,-1.0521209335939268,-2.8089418716060766
CHE,2000,73749.93895,27.23419109,0.561954617,0.05561954617,11.208435446405113,-1.300696976713423,-2.889220589684616
CHE,2010,81315.42283,25.8955592,1.041558058,0.060415580579999996,11.306090980250646,-1.3510986914429122,-2.8065082506839403
CHE,2020,84637.01329,29.57874984,0.730676195,0.05730676195,11.346126959253072,-1.218113993290256,-2.8593366526254242
CHL,1990,5290.536948,25.72326538,1.667226756,0.06667226756,8.573675022158787,-1.3577743358903214,-2.7079661912311384
CHL,2000,8465.353033,23.75075555,1.196019259,0.06196019259,9.043736998718279,-1.4375558433818731,-2.7812631551426255
CHL,2010,11649.28971,24.77546766,1.004553624,0.06004553624,9.363000488036443,-1.3953162296636152,-2.8126520672740116
CHL,2020,12679.024,21.0582071,0.896491954,0.05896491954,9.447704253419918,-1.5578798158597438,-2.83081259597942
CHN,1990,917.2706618,34.09149854,1.467303211,0.06467303211,6.8214025887925365,-1.0761221424588634,-2.738410978740573
CHN,2000,2237.442985,33.63268271,0.787956593,0.05787956593,7.713088968260104,-1.0896718920823596,-2.8493908767286613
CHN,2010,5764.86535,46.10234433,0.482959689,0.05482959689,8.659537075968988,-0.7743063841331297,-2.903525141590288
CHN,2020,10573.64201,42.57237351,0.23804087,0.0523804087,9.266119580538525,-0.8539646522407157,-2.9492226373366006
CIV,1990,1866.07857,6.688803339,3.932048697,0.08932048697,7.531594486630176,-2.704735200941825,-2.4155244000545983
CIV,2000,1717.953857,15.89240727,2.76729584,0.07767295839999999,7.448889243627042,-1.8393287210044362,-2.555248107923574
CIV,2010,1540.529273,21.68105453,2.203591142,0.07203591142,7.339881320128171,-1.5287313699169087,-2.630590514588133
CIV,2020,2055.08484,21.74289341,2.530198035,0.07530198035,7.628072410749679,-1.5258832216145821,-2.5862488450533228
CMR,1990,1360.477653,17.81197837,2.946999875,0.07946999874999999,7.2155911325095685,-1.7252990128792494,-2.5323757027592553
CMR,2000,1151.276893,17.19233057,2.632763072,0.07632763072,7.048626947122956,-1.7607067987033775,-2.5727202736115844
CMR,2010,1290.901375,18.22844404,2.857661467,0.07857661466999999,7.163095993660442,-1.7021869525583881,-2.5436811470982517
CMR,2020,1434.519137,17.66054398,2.724486348,0.07724486348000001,7.268584975869207,-1.733837188342171,-2.560774857583269
COD,2000,339.5268222,14.43349633,3.207807483,0.08207807483,5.827552948885383,-1.9356185466399296,-2.5000843526349406
COD,2010,400.619568,24.0289276,3.187515928,0.08187515928,5.99301226876866,-1.4259117647844497,-2.502559639624033
COD,2020,470.85295,21.84882574,3.220980492,0.08220980492,6.154545837201392,-1.5210230077670688,-2.4984807027682403
COG,1990,2363.767018,15.90551181,2.854915483,0.07854915483,7.768011819523694,-1.8385044821157885,-2.5440306739819314
COG,2000,2057.01922,22.6259542,3.831866102,0.08831866102000001,7.629013233313729,-1.4860725227057892,-2.4268038571208104
COG,2010,2332.285081,47.19017067,4.142430505,0.09142430505,7.754603787425876,-0.7509845636002641,-2.3922439162881335
COG,2020,1725.5104,23.73156703,2.394776912,0.07394776912,7.453278169758376,-1.4383640819010504,-2.604396257690786
COL,1990,3714.184993,20.60673055,2.067428821,0.07067428820999999,8.219914550311396,-1.5795524378276282,-2.6496734467655445
COL,2000,4016.809517,14.89562703,1.63798275,0.0663798275,8.298243214016633,-1.9041025040321489,-2.7123620713679846
COL,2010,5214.245476,21.88876227,1.135968364,0.061359683639999996,8.559149673553987,-1.5191968192223426,-2.791002277738253
COL,2020,5891.955232,19.12814694,1.436321673,0.06436321673,8.681343179454538,-1.6540092739293277,-2.7432129778396797
COM,1990,1253.761963,18.04228002,2.619042964,0.07619042964,7.133903881005299,-1.7124522924218073,-2.574519419452874
COM,2000,1150.828401,18.04229519,1.919894445,0.06919894445,7.048237310726356,-1.7124514516193363,-2.6707696700875676
COM,2010,1272.606507,18.1749509,1.987907684,0.06987907684,7.1488224439397925,-1.705125864085225,-2.6609890044503657
COM,2020,1359.706247,11.80176252,1.961993798,0.06961993797999999,7.215023960546909,-2.1369212995687827,-2.6647042874352076
CPV,2010,3194.616677,44.95680604,0.717182,0.05717182,8.069222383714107,-0.7994680229617058,-2.8616941593345433
CPV,2020,3255.93629,28.96192366,0.111782574,0.05111782574,8.088235159977678,-1.2391881959528432,-2.9736220022900026
CRI,1990,6037.051117,27.3228218,2.526404199,0.07526404199,8.705670946045654,-1.2974478696499805,-2.586752788243337
CRI,2000,7726.519857,20.6866903,1.939536481,0.06939536481,8.952413827656857,-1.5756796731938223,-2.667935203181163
CRI,2010,10285.08567,19.83391852,1.240575365,0.06240575365,9.23845013165859,-1.617776657329803,-2.774097801927973
CRI,2020,12242.20989,16.16305467,0.692995399,0.05692995399,9.412645086338374,-1.8224421241495095,-2.865933644204964
CUB,1990,4961.457389,24.80249224,0.93131601,0.0593131601,8.509454804987275,-1.3942260443179062,-2.8249240734853
CUB,2000,4112.261684,12.50335347,0.332523063,0.05332523063,8.321728444215177,-2.0791733000598365,-2.9313456896457963
CUB,2010,6716.490485,10.07337396,0.023813605,0.05023813605,8.812321047841602,-2.295274484729072,-2.990980858426055
CUB,2020,7252.288112,9.874990685,-0.236755669,0.047632443309999994,8.889072299712167,-2.31516481849249,-3.0442411677735244
CYP,1990,17144.46875,27.04542752,1.396267729,0.06396267728999999,9.749430878706834,-1.307652233061781,-2.7494555330744284
CYP,2000,22383.96484,20.4291578,1.749258639,0.06749258639,10.016100126139197,-1.5882070016989316,-2.6957375183948065
CYP,2010,26090.04883,23.68672688,1.648983116,0.06648983116,10.169309249727336,-1.4402553419894333,-2.71070625790022
CYP,2020,26895.68359,20.64475612,1.203297126,0.06203297126,10.199721091376343,-1.5777088397496015,-2.7800892407735085
CZE,1990,11900.58446,24.3277286,-0.267830773,0.04732169227,9.384342792179268,-1.4135533915450347,-3.0507864782544316
CZE,2000,12543.93643,31.83502104,-0.280414108,0.04719585892,9.436992674815869,-1.1446032116115152,-3.053449124985308
CZE,2010,16665.93178,26.73128765,0.291361674,0.05291361674,9.72112190157004,-1.3193354845321252,-2.939094567947936
CZE,2020,19233.14695,24.73020518,0.243222682,0.05243222682,9.86439047313988,-1.3971448076836854,-2.9482338610509036
DEU,1990,29763.31247,25.2643366,0.861969449,0.05861969449,10.301031788868553,-1.3757764052576698,-2.8366845554154625
DEU,2000,35104.13085,23.96396608,0.1354316,0.051354316,10.466074090563453,-1.4286188972239329,-2.969006295506715
DEU,2010,38526.7371,19.53106001,-0.153198447,0.04846801553,10.559107749372952,-1.6331641665867287,-3.0268511721953173
DEU,2020,42372.87268,21.72903046,0.081693159,0.05081693159,10.65426364118069,-1.5265210102945301,-2.979525680913731
DNK,1990,39306.79392,20.79264714,0.16245632,0.0516245632,10.57915265619893,-1.5705707646623082,-2.963757688753684
DNK,2000,49266.98828,22.29440618,0.334233619,0.05334233619,10.805009526817647,-1.5008343829348116,-2.931024963099638
DNK,2010,51209.44928,17.82215511,0.444197155,0.054441971549999996,10.84367935024919,-1.7247278335473657,-2.910619886755431
DNK,2020,55934.55559,22.76265326,0.291641177,0.05291641177,10.931937636134602,-1.4800490079531874,-2.9390417468339294
DOM,1990,2772.770656,23.34965915,2.103746787,0.07103746787,7.927602336100958,-1.4545877994101353,-2.644547824655322
DOM,2000,4123.105732,27.8926622,1.620455604,0.06620455604,8.324361976811751,-1.2768065353365088,-2.7150059960508286
DOM,2010,5666.456334,26.07142183,1.280132098,0.06280132097999999,8.642319216151959,-1.3443304205962345,-2.767779171015835
DOM,2020,7395.873426,24.87951592,1.043340765,0.06043340765,8.90867747851525,-1.3911253748980346,-2.8062132201604677
DZA,1990,3605.687012,28.58942067,2.478967332,0.07478967332,8.190267603545871,-1.2521334432379798,-2.593075460751732
DZA,2000,3553.324205,23.5639069,1.399668558,0.06399668557999999,8.175638840099083,-1.4454540132785707,-2.7489239847760003
DZA,2010,4456.610274,43.28682748,1.947058832,0.06947058832,8.402143727795092,-0.8373218125049852,-2.6668518056216852
DZA,2020,4363.685338,42.94935768,1.711912165,0.06711912165,8.381072240320343,-0.845148492733683,-2.701286303172221
EAP,1990,1072.202345,33.78898696,1.614591358,0.06614591358,6.977470078483006,-1.08503526617891,-2.7158921653860193
EAP,2000,2132.390994,30.3229184,0.99884543,0.0599884543,7.664999161529446,-1.1932663765478189,-2.8136031636100767
EAP,2010,4797.248219,42.23904274,0.741733055,0.05741733055,8.475797744795418,-0.8618252092521844,-2.8574090952688977
EAP,2020,8293.69667,40.23782125,0.452341336,0.054523413359999995,9.023251067916664,-0.9103628055491205,-2.9091250666300796
EAR,1990,1833.026416,22.96566959,2.45496858,0.0745496858,7.5137236590833805,-1.471169711657381,-2.5962894524013307
EAR,2000,2158.873377,21.97486991,1.879624154,0.06879624154,7.67734177988336,-1.515270662343361,-2.676606164314115
EAR,2010,2766.882817,28.63298736,1.546758454,0.06546758454,7.92547662869136,-1.250610728626068,-2.7262001513597354
EAR,2020,3290.19469,25.76696799,1.215716141,0.062157161409999995,8.098702018300363,-1.3560768248233113,-2.7780892398277532
EAS,1990,3713.304497,34.51450109,1.504262677,0.06504262677,8.219677459163623,-1.0637906288118173,-2.732712427565495
EAS,2000,5056.473385,29.03997205,0.942759366,0.05942759366,8.528424559806174,-1.2364969584975238,-2.822996620748075
EAS,2010,7855.362346,32.82068976,0.700770611,0.05700770611,8.968951678970162,-1.114111084093607,-2.864568825373315
EAS,2020,11276.0537,34.9860394,0.408472469,0.05408472469,9.330436614549729,-1.0502210783558998,-2.9172034862336313
ECA,1990,3553.123864,25.3385481,1.198074259,0.06198074259,8.175582457220292,-1.37284330950063,-2.7809315455713652
ECA,2000,3231.417038,22.87687504,0.415829789,0.05415829789,8.080676031466076,-1.4750436092240293,-2.915844078309193
ECA,2010,5123.225272,26.72523301,0.809647378,0.05809647378,8.541539455644696,-1.3195620103123717,-2.8456503092208543
ECA,2020,7016.362912,29.01373063,0.711353855,0.057113538549999995,8.856000259054053,-1.2374009980531704,-2.8627140879726776
ECS,1990,15930.54883,25.4210771,0.522930719,0.05522930719,9.675993854915765,-1.3695915489765424,-2.896261539236076
ECS,2000,18477.52854,22.60755864,0.125518588,0.05125518588,9.824310599239096,-1.4868858825294757,-2.970938478180331
ECS,2010,21465.35163,21.13154033,0.365344249,0.053653442489999995,9.974195362075848,-1.5544034592413654,-2.925209646260326
ECS,2020,23034.13547,22.60145017,0.187722981,0.051877229809999995,10.044732545517453,-1.4871561149542938,-2.958875317065916
ECU,1990,3919.717581,20.15203808,2.238231257,0.07238231257,8.27377488452583,-1.601864757300822,-2.6257933109562805
ECU,2000,3953.398797,17.16695041,1.736220015,0.06736220015,8.282330942852745,-1.7621841383852448,-2.697671247022093
ECU,2010,5022.203744,23.49001587,1.677088053,0.06677088052999999,8.5216241091853,-1.448594711710857,-2.7064882136899535
ECU,2020,5355.689342,17.58491297,1.181252582,0.06181252582,8.585914703261825,-1.7381288691787427,-2.78364925188443
EGY,1990,1972.137893,28.91440585,2.929609448,0.07929609448,7.586873458174299,-1.2408302427474214,-2.534566401491101
EGY,2000,2458.60835,19.55307263,2.160919785,0.07160919785,7.807350757469237,-1.6320377441313414,-2.636531751673842
EGY,2010,3233.845212,19.50107741,1.917951241,0.06917951241,8.081427176282876,-1.6347004701498427,-2.6710505236332516
EGY,2020,3770.869479,18.81806066,1.62495387,0.0662495387,8.235060884885291,-1.6703531038993071,-2.7143267771589152
EMU,1990,25547.45502,24.79838112,0.460721739,0.054607217390000004,10.148292982842873,-1.3943918123671732,-2.9075892183371237
EMU,2000,30853.13851,23.40599427,0.309783223,0.05309783223,10.336993758680808,-1.4521780310445702,-2.9356191758613632
EMU,2010,33252.36899,20.76405619,0.254268113,0.05254268113,10.411881291365544,-1.571946761900783,-2.946129465764086
EMU,2020,34608.46148,22.0368118,0.141183349,0.05141183349,10.451853482593071,-1.51245586733936,-2.967886909477534
ERI,2000,845.1324301,21.99675676,1.536014572,0.06536014572,6.739493337089397,-1.5142751634971718,-2.727842598934711
ERI,2010,703.8773744,12.38540149,1.964757271,0.06964757271,6.556604156895323,-2.0886517061317504,-2.664307429184123
ESP,1990,19174.77083,26.83668218,0.101828843,0.05101828843,9.861350674664688,-1.3154004962796422,-2.9755711138715624
ESP,2000,24106.88185,26.67237005,0.447137015,0.054471370150000004,10.090252632657888,-1.3215419859757176,-2.9100800336895873
ESP,2010,25766.25158,22.39884138,0.460408305,0.05460408305,10.15682083633392,-1.4961609525719777,-2.907646617891716
ESP,2020,25077.01988,20.62664827,0.51001019,0.055100101900000004,10.129707163125255,-1.5785863408392578,-2.898603713460187
EST,2000,10006.76963,28.47610321,0.483707162,0.05483707162,9.21101710594009,-1.2561049342973507,-2.9033888243279304
EST,2010,14657.93981,21.58767817,-0.228057969,0.047719420309999996,9.592737434187285,-1.5330474891619765,-3.0424168295630043
EST,2020,19946.9457,29.65386877,0.197559185,0.05197559185,9.900831312852993,-1.2155775877746802,-2.956981058097507
ETH,2020,768.7054245,30.57896866,2.710772848,0.07710772848,6.644707833049324,-1.184857712020591,-2.5625517637477992
EUU,1990,21731.25302,25.03254695,0.338877065,0.05338877065,9.98650673472654,-1.3849933298282597,-2.930154842582678
EUU,2000,26365.79868,23.44526668,0.119607067,0.051196070669999996,10.179822944697472,-1.4505015588044727,-2.9720924946082645
EUU,2010,29352.94425,20.92876178,0.15840531,0.0515840531,10.287148135386852,-1.5640458113375422,-2.964542702709546
EUU,2020,31435.03535,22.13982302,-0.008837508,0.049911624919999995,10.355678325359236,-1.5077922524161536,-2.9975013390279823
FIN,1990,31291.52226,30.13719713,0.443382074,0.05443382074,10.351102485527491,-1.1994099921372723,-2.9107696135191823
FIN,2000,37872.60203,23.87415131,0.207606515,0.05207606515,10.54198322806806,-1.432373847478246,-2.9550498378916203
FIN,2010,43556.53858,22.607323,0.457494535,0.05457494535,10.68181511062047,-1.4868963056464433,-2.9081803779208864
FIN,2020,44690.98011,24.98360739,0.143641197,0.05143641197,10.707526972991552,-1.38695028058804,-2.9674089532351506
FRA,1990,27992.97515,24.41667174,0.547228307,0.05547228307,10.239708870179808,-1.4099040189774759,-2.8918717871176756
FRA,2000,33255.13796,21.85787707,0.68633572,0.0568633572,10.411964559259006,-1.5206088227772403,-2.8671041312381105
FRA,2010,35578.1968,21.3378695,0.492976371,0.054929763709999996,10.479488279778153,-1.5446867810871816,-2.9016999332935143
FRA,2020,35709.20459,22.80441821,0.324557781,0.05324557781,10.483163766187523,-1.4782158876604852,-2.9328405236626938
FRO,2010,42333.52157,19.52082475,-0.275018645,0.04724981355,10.653334523298167,-1.6336883543588308,-3.052306571081917
FRO,2020,54301.65941,28.25827972,1.481480184,0.06481480183999999,10.90231006549191,-1.2637836839037446,-2.736221278251784
GAB,1990,8354.26309,21.67715661,2.740795362,0.07740795362,9.030527237259344,-1.5289111706931868,-2.5586657437175773
GAB,2000,7596.099707,21.90205643,2.585402093,0.07585402093,8.935390198096686,-1.5185896526608091,-2.578944562990815
GAB,2010,6481.496121,29.70111381,3.449942679,0.08449942679,8.776706645567343,-1.2139856388624186,-2.471010528192313
GAB,2020,6534.279665,19.86346911,2.389223598,0.07389223598,8.784817392744904,-1.6162878643777994,-2.6051475177110266
GBR,1990,30071.20856,23.55588795,0.298930554,0.052989305540000003,10.31132346672796,-1.445794377666953,-2.9376651680549464
GBR,2000,39297.13663,18.94693775,0.357300887,0.05357300887,10.578906935915454,-1.6635278638238145,-2.926709903595457
GBR,2010,42762.72084,16.61811604,0.783888647,0.05783888647,10.663421993610438,-1.7946767579799352,-2.850093953218746
GBR,2020,42982.4631,18.28071464,0.169447088,0.051694470879999996,10.668547476604713,-1.6993235266343378,-2.9624044494151494
GEO,1990,3534.032277,30.73633569,-0.027068389,0.04972931611,8.170194786114674,-1.179724658301074,-3.0011606584111803
GEO,2000,1561.198676,26.58131588,-1.944629157,0.03055370843,7.35320918724051,-1.324961627532607,-3.4882692118608616
GEO,2010,3090.065137,20.9291494,-0.729475257,0.042705247429999996,8.035947449604887,-1.5640272905853554,-3.153433475665675
GEO,2020,4659.609253,24.6056866,0.068656249,0.05068656249,8.446686872316421,-1.4021926071621058,-2.982094443159184
GHA,1990,855.8525071,14.44399729,2.551561856,0.07551561856,6.752098056505846,-1.9348912701940553,-2.583415775777093
GHA,2000,1022.275207,23.9986005,2.51243584,0.07512435840000001,6.929786017292415,-1.4271746698403858,-2.588610426595847
GHA,2010,1381.22795,13.10019371,2.43301424,0.0743301424,7.230728201337735,-2.0325431688674116,-2.5992387244657933
GHA,2020,1970.194115,18.22366699,1.991819851,0.06991819851,7.585887352410722,-1.7024490526064986,-2.6604293129839434
GIN,1990,548.3715348,13.79042955,3.455834862,0.08455834862,6.306953040432905,-1.9811953452844016,-2.470313466702619
GIN,2000,614.1372351,14.04097891,1.961359643,0.06961359643000001,6.420218413107372,-1.9631900668864843,-2.6647953797145387
GIN,2010,675.7369173,20.32540116,2.4592931,0.074592931,6.515803824702774,-1.5932987934796219,-2.595709534975449
GIN,2020,945.5709034,31.516401,2.551399536,0.07551399536,6.851788875662337,-1.1546621089896947,-2.583437270899247
GMB,1990,658.7111653,22.34319427,4.195958031,0.09195958031,6.4902851460115665,-1.498648418235287,-2.3864061429296717
GMB,2000,659.9112376,4.562497397,2.738372127,0.07738372127,6.492105337491235,-3.0873000376001922,-2.558978840015749
GMB,2010,701.0145246,13.87671053,2.9073793,0.079073793,6.552528606648753,-1.974958252512684,-2.537373773896803
GMB,2020,670.7586429,32.34205469,2.368661292,0.07368661292,6.508409374649478,-1.1288017998437252,-2.6079341391624378
GNB,1990,569.1696704,29.92581868,1.644390697,0.06644390697,6.344178580186043,-1.206448577190618,-2.7113971914807093
GNB,2000,571.0940152,20.06075191,2.007063844,0.07007063844,6.347553846190237,-1.6064049211059264,-2.658251425181235
GNB,2010,625.9040273,19.49361491,2.584920321,0.07584920321,6.439197048324398,-1.6350832145515608,-2.579008078054901
GNB,2020,710.2751291,25.65211523,2.288950008,0.07288950008,6.565652400749037,-1.3605441526641604,-2.618810682165521
GNQ,2010,10984.32439,38.05629949,4.595867705,0.09595867705,9.304224479968747,-0.9661035571707672,-2.3438376275792083
GNQ,2020,5575.262415,6.988464059,2.733908232,0.07733908232,8.62609466517572,-2.6609093879360763,-2.5595558584022156
GRC,1990,15438.7937,25.43398408,1.057808012,0.06057808012,9.644638692288256,-1.3690839503235217,-2.803822165532645
GRC,2000,18002.90646,26.11321035,0.409041838,0.05409041838,9.798288493843424,-1.342728856028789,-2.917098218242415
GRC,2010,21547.72418,18.21575876,0.128880433,0.05128880433,9.978025483458616,-1.7028831006169374,-2.9702827898043354
GRC,2020,17486.95133,13.54100231,-0.214592107,0.04785407893,9.769210243499401,-1.999447895394405,-3.0395989206201115
GRL,2010,43481.51611,52.35331723,0.37392496,0.0537392496,10.680091209762466,-0.6471548842989759,-2.9236116394203813
GRL,2020,48169.9407,33.01521808,0.252238303,0.052522383029999994,10.782490468566834,-1.1082015768810163,-2.9465158568145235
GTM,1990,2741.538134,13.60261471,2.800436191,0.07800436191,7.916274404650699,-1.9949081536370676,-2.550990531933041
GTM,2000,3165.932375,17.83538743,2.37572059,0.0737572059,8.060202880452884,-1.7239856443966373,-2.6069765814165935
GTM,2010,3546.625816,14.16419369,1.981564659,0.06981564659,8.17375195611608,-1.9544529770225576,-2.661897131154106
GTM,2020,4005.839116,13.50068237,1.471377105,0.06471377105000001,8.295508354660438,-2.002429955895184,-2.7377812554557974
GUY,1990,2377.217954,31.13309854,-0.660706211,0.04339293789,7.773686156046856,-1.1668986709915976,-3.1374585725449173
GUY,2000,3759.607897,23.77598249,0.04564135,0.0504564135,8.232069948233354,-1.4364942539099452,-2.986645414395132
HIC,1990,24715.01397,25.9449919,0.629927284,0.05629927284,10.115166190984679,-1.3491915853673193,-2.877073659728073
HIC,2000,30158.07008,24.34886959,0.505295214,0.05505295214,10.314207830684564,-1.4126847609457167,-2.899459790729954
HIC,2010,34192.51466,21.15695698,0.445325901,0.05445325901,10.439762029504609,-1.5532013993585485,-2.910412578134431
HIC,2020,37538.25237,22.66552932,0.266061997,0.05266061997,10.533115755247568,-1.4843249477978286,-2.943887351910735
HKG,1990,21357.26195,27.17052478,0.321315033,0.05321315033,9.969147098996197,-1.3030374480510465,-2.9334497265259905
HKG,2000,26933.23775,27.58240928,0.881594076,0.05881594076,10.20111640694864,-1.2879919613831412,-2.8333423594583453
HKG,2010,38090.0214,23.89046642,0.734446396,0.057344463959999994,10.547707621299743,-1.4316907011908944,-2.8586789708420897
HKG,2020,41451.29811,18.98188686,-0.358932662,0.04641067338,10.632274477564012,-1.6616849846810753,-3.0702258164613325
HND,1990,457.9810401,20.81452973,2.82334775,0.0782334775,6.126827786095727,-1.5695188984380755,-2.548057622016952
HND,2000,1789.477985,28.28843121,2.73259067,0.0773259067,7.4896792278113224,-1.2627172560828641,-2.5597262346472256
HND,2010,2108.473145,21.87984069,2.12597244,0.0712597244,7.653719336562938,-1.5196044895394285,-2.6414239863392903
HND,2020,2189.431687,19.66637273,1.754564325,0.06754564325,7.691397285480679,-1.6262599767943766,-2.6949517133250627
HPC,1990,695.2486353,15.0654262,2.688042878,0.07688042878,6.544269530221102,-1.8927677230658762,-2.5655039370723856
HPC,2000,679.1802412,20.1502241,2.714489522,0.07714489522,6.520886543290114,-1.6019547760691544,-2.5620698693096013
HPC,2010,829.3781453,23.36190737,2.771111882,0.07771111882000001,6.720676197453057,-1.454063380248322,-2.554756932489772
HPC,2020,946.6808067,24.41263233,2.761998161,0.07761998161,6.852961979030521,-1.410069469216268,-2.555930389964878
HRV,2000,8880.269807,19.32107219,-0.986434859,0.04013565141,9.091587219195812,-1.6439738623667748,-3.2154902770581533
HRV,2010,11965.00493,20.36706196,-0.226821271,0.04773178729,9.389741412377491,-1.5912511998290297,-3.0421577028242197
HRV,2020,13545.48812,23.54436627,-0.894863744,0.04105136256,9.513808790783871,-1.4462836183481604,-3.192931250942726
HTI,1990,1627.312645,19.92006691,2.059314269,0.07059314269,7.394685249176536,-1.6134425749015373,-2.650822268237098
HTI,2000,1342.894905,8.322396005,1.84581483,0.0684581483,7.202582939552082,-2.4862199912434573,-2.681532694157088
HTI,2010,1317.583893,24.98821766,1.166726714,0.061667267139999996,7.1835549542896215,-1.3867657658136259,-2.7860020052139247
HTI,2020,1331.697785,17.70308378,1.241099932,0.06241099932,7.194209937219189,-1.731431336724939,-2.774013747986843
HUN,2000,8979.735786,28.1973909,-0.259764908,0.04740235092,9.102725738368964,-1.2659407336009767,-3.0490834540426657
HUN,2010,11287.36867,21.18927912,-0.226013876,0.04773986124,9.33143956266309,-1.551674834107241,-3.041988564652971
HUN,2020,14664.29712,27.46449407,-0.252049643,0.04747950357,9.593171051180066,-1.292276140262501,-3.0474571648555653
IBD,1990,2199.53015,27.25376712,1.744778863,0.06744778863,7.695999048355658,-1.2999784314977325,-2.696401482188284
IBD,2000,2749.808317,24.17547469,1.232836028,0.062328360279999995,7.919286485322165,-1.4198315092675686,-2.7753387355826598
IBD,2010,4532.440687,32.41779094,1.026852784,0.06026852784,8.419015856387839,-1.126462810805323,-2.808945237868134
IBD,2020,6286.407756,33.18898004,0.683339753,0.056833397529999996,8.746145082577932,-1.1029522916714685,-2.867631141367196
IBT,1990,1931.413583,26.60774648,1.922201457,0.06922201456999999,7.566007440230465,-1.3239677915444261,-2.670436337326735
IBT,2000,2339.751014,24.00917674,1.498009549,0.06498009549,7.757799798416906,-1.4267340645560282,-2.7336742792131767
IBT,2010,3719.859754,31.89923968,1.347405436,0.06347405436,8.221441246018875,-1.142588010964097,-2.7571240493361615
IBT,2020,4971.587221,32.68456905,1.089756754,0.06089756754,8.51149442846818,-1.1182671139575442,-2.7985620469359045
IDA,1990,874.9611827,20.98112394,2.625842264,0.07625842264,6.774179522744992,-1.5615470124815594,-2.5736274087425075
IDA,2000,899.6142831,23.37025052,2.435582632,0.07435582632,6.8019660971267495,-1.453706317768636,-2.5988932457299505
IDA,2010,1216.180562,22.21442684,2.341602947,0.07341602947,7.1034705399896305,-1.5044282505182505,-2.611612982054369
IDA,2020,1384.639834,25.5623645,2.206972277,0.07206972277,7.2331953371497555,-1.3640490529326161,-2.630121256730028
IDN,1990,1470.918223,32.70769009,1.814426049,0.06814426049,7.293642126262083,-1.1175599647852241,-2.6861283431682947
IDN,2000,1828.10266,22.24569693,1.432440078,0.06432440078,7.511033910174614,-1.5030215924838326,-2.743816236364909
IDN,2010,2670.81291,32.88012145,1.260541401,0.06260541401,7.890138165729707,-1.1123019220721408,-2.770903518833016
IDN,2020,3739.449066,32.34341205,0.849801187,0.05849801187,8.226693571001457,-1.1287598318385887,-2.838762510450039
IDX,1990,625.2545438,16.28479384,2.411689925,0.07411689925,6.438158836904454,-1.8149384068426364,-2.6021117126278557
IDX,2000,688.7705846,21.93666609,2.348544459,0.07348544459,6.534908246917071,-1.517010698475972,-2.6106679251635434
IDX,2010,941.1701033,22.5553137,2.226826548,0.07226826548,6.847123891899068,-1.48919950700011,-2.627370174528745
IDX,2020,1096.831734,27.96589467,2.317113656,0.07317113656,7.00018106108994,-1.2741844657356756,-2.614954245064838
IND,1990,537.8702695,27.3361977,2.213130886,0.07213130885999999,6.28761739632576,-1.2969584389800064,-2.629267086783415
IND,2000,756.7041095,25.67731668,1.879398262,0.06879398262,6.628972304503755,-1.3595622032800652,-2.6766389997864604
IND,2010,1235.159391,39.78562418,1.454603619,0.06454603619,7.118955302272815,-0.921664540454214,-2.7403765703913825
IND,2020,1806.501106,28.92238401,0.973438647,0.05973438647,7.499147162821108,-1.2405543574477735,-2.8178474366286737
IRL,1990,23456.99936,21.52711669,0.084413021,0.05084413021,10.062924209508656,-1.5358568041559213,-2.978990596582181
IRL,2000,42599.48039,24.50795076,1.333042666,0.06333042666,10.659597334765232,-1.4061726002665742,-2.7593893913850662
IRL,2010,46991.64647,17.29135638,0.544884384,0.05544884384,10.757725130214665,-1.754963440555496,-2.892294415899078
IRL,2020,80927.93648,42.59120417,1.26378913,0.0626378913,11.301314364574168,-0.853522428914269,-2.770384891659331
IRN,1990,3222.201027,33.02184263,2.911406766,0.07911406766,8.077819953783171,-1.108000945600611,-2.536864573497959
IRN,2000,3885.301834,35.10053349,1.476195633,0.06476195633,8.26495595193316,-1.046953856486478,-2.7370369417037206
IRN,2010,5249.061334,40.26244925,1.251673922,0.06251673922,8.565804546076393,-0.9097509318096808,-2.772320930579169
IRN,2020,5132.824308,47.92093406,0.768757498,0.05768757498,8.543411334037636,-0.7356177403007486,-2.852713466958264
IRQ,1990,3526.579251,44.32031327,1.240017963,0.06240017963,8.168083629385936,-0.8137270752076178,-2.774187124925001
IRQ,2000,4172.780251,29.1473475,3.277527852,0.08277527852,8.33633781948775,-1.2328062721860753,-2.4916258307704346
IRQ,2010,3881.94327,15.86786539,3.231385218,0.08231385218,8.26409115002094,-1.8408741664826525,-2.4972158722179696
IRQ,2020,4213.998438,22.346859,2.219386695,0.07219386694999999,8.346167223694868,-1.4984844117175025,-2.628400181982271
ISL,1990,37302.80603,20.41113844,0.777662199,0.05777662199,10.526823831488699,-1.5890894321819715,-2.8511710489621973
ISL,2000,43472.33699,24.61946677,1.369192833,0.06369192833000001,10.679880083522354,-1.4016327238741293,-2.7536974382476496
ISL,2010,49528.48646,13.83377144,-0.143903,0.048560969999999995,10.810303267069749,-1.978057377559598,-3.0249351571420946
ISL,2020,52464.30729,21.04634009,1.623086251,0.06623086251,10.867888356226471,-1.558443508434832,-2.714608723619722
ISR,1990,22395.11188,22.40761596,3.094603009,0.08094603009,10.016597994386903,-1.4957692866991066,-2.51397264156817
ISR,2000,29413.48946,25.70541357,2.642331913,0.07642331913,10.289208673268758,-1.3584685715223253,-2.571467405166437
ISR,2010,33344.72133,21.53835088,1.82675241,0.0682675241,10.414654757856496,-1.5353350780078623,-2.684321114505177
ISR,2020,37935.54327,24.68981613,1.763679392,0.06763679392,10.543643768745154,-1.3987793298033262,-2.6936031552472213
ITA,1990,27625.17923,23.16199035,0.083708573,0.050837085729999995,10.226482926762808,-1.4626575978566805,-2.979129156687824
ITA,2000,32609.66746,21.3236101,0.045303631,0.05045303631,10.392364071245936,-1.5453552717567371,-2.9867123494543883
ITA,2010,31928.55436,20.79697161,0.442226157,0.05442226157,10.371256009394175,-1.570362805553975,-2.9109819887911588
ITA,2020,29469.79892,17.89868683,-0.487095092,0.04512904908,10.291121252498417,-1.7204428372849792,-3.098229136049906
JOR,1990,3202.33686,30.79569737,7.815196245,0.12815196245,8.07163609102134,-1.1777952015461477,-2.0545385125944216
JOR,2000,3412.076732,22.36151166,2.072604791,0.07072604791,8.135076397221535,-1.4978289344407276,-2.6489413452199315
JOR,2010,4621.574285,35.03763119,2.151093317,0.07151093317,8.438490680361218,-1.0487475252302023,-2.6379049295034105
JOR,2020,3806.879494,21.45854138,1.795432282,0.06795432282,8.244565102085867,-1.53904742034066,-2.6889195227484577
JPN,1990,28422.21312,35.45157969,0.331782885,0.05331782885,10.254926270540413,-1.0370023729308375,-2.9314845037429906
JPN,2000,31430.63113,28.41743932,0.167275578,0.051672755779999996,10.355538210086344,-1.2581671687155926,-2.962824603868763
JPN,2010,32942.20208,22.59030413,0.017960542,0.050179605419999995,10.402509852741874,-1.4876493925620635,-2.992146601366925
JPN,2020,34642.97187,25.22401723,-0.294194618,0.04705805382,10.452850152010217,-1.3773735806659582,-3.056373251829192
KAZ,2000,4269.330168,18.13904803,0.292205742,0.05292205742,8.359212224596549,-1.7071032217299935,-2.9389350625621598
KAZ,2010,8704.706555,25.37354902,1.29700375,0.06297003749999999,9.071619141697278,-1.3714629317388956,-2.7650962609599863
KAZ,2020,10565.03598,28.80691536,1.408915638,0.06408915638,9.265305335628835,-1.2445547110029174,-2.7474800966045936
KEN,1990,1329.333128,24.1640929,3.440456354,0.08440456354,7.192432687950217,-1.4203024191568283,-2.472133808462829
KEN,2000,1195.412969,17.41409062,3.012939945,0.08012939945,7.086246985419474,-1.7478905017362434,-2.524112457916362
KEN,2010,1340.164674,21.2639988,2.901588455,0.07901588455,7.200547776439247,-1.548154740450612,-2.538106376473865
KEN,2020,1609.334141,19.65158417,1.961976337,0.06961976337,7.3835757954133125,-1.627012231583963,-2.6647067954842525
KGZ,1990,1203.472083,24.06542056,1.925304701,0.06925304701,7.092966060443905,-1.424394207383229,-2.669988134738263
KGZ,2000,718.3428324,20.01003707,1.189895651,0.06189895651,6.576946937541006,-1.6089361848204522,-2.782251957107346
KGZ,2010,962.7647898,27.4015936,1.426166292,0.06426166291999999,6.869809134612859,-1.2945690137013863,-2.7447920476336116
KGZ,2020,1093.328565,25.0304914,2.048385454,0.07048385454,6.996982051420082,-1.3850754482960517,-2.6523716090085583
KHM,2000,598.5619153,20.34425094,1.59016993,0.0659016993,6.394529970441014,-1.5923718231036073,-2.7195910517666757
KHM,2010,1155.852369,22.31749004,1.556217454,0.06556217453999999,7.052593332599392,-1.4997995082033573,-2.72475635695615
KHM,2020,1908.634275,31.35122754,1.470629886,0.06470629886,7.554143226011155,-1.159916763694876,-2.7378967273453356
KIR,2010,1328.787641,15.91629804,2.0793514,0.070793514,7.192022257382863,-1.83782656778823,-2.6479878926484224
KIR,2020,1777.044761,14.69779904,1.742304693,0.06742304693,7.482707016920135,-1.917472428583401,-2.696768376931314
KOR,1990,9672.578452,40.15294665,0.985130494,0.05985130494,9.177050197371447,-0.912474357254687,-2.815892043707076
KOR,2000,17763.13534,33.01758713,0.836180864,0.05836180864,9.784880540379326,-1.108129823152139,-2.8410935647179785
KOR,2010,26623.04871,32.7792422,0.498225084,0.054982250839999997,10.189532612438715,-1.1153747306943558,-2.900744857832389
KOR,2020,33215.92989,31.52486572,0.137869266,0.05137869266,10.410784855793564,-1.1543935636227856,-2.968531732155063
KWT,2000,31341.97808,10.66523772,2.837165773,0.07837165773,10.352713630701894,-2.2381805445804193,-2.5462929255316604
KWT,2010,32568.49818,17.65847417,5.155060491,0.10155060491000001,10.391100786675992,-1.7339543948847524,-2.2871980342034206
KWT,2020,25541.5379,18.65064875,-0.951064117,0.04048935883,10.148061343122132,-1.679289254980481,-3.206716084331414
LAC,1990,5718.669578,20.00418935,1.886207286,0.06886207286,8.651491466061561,-1.609228466869354,-2.675649718997965
LAC,2000,6581.311178,19.74917081,1.464409255,0.06464409255,8.79198927164155,-1.6220586798261236,-2.738858553809369
LAC,2010,7849.055466,21.69380743,1.09312878,0.0609312878,8.968148480734538,-1.5281433380573843,-2.798008479215565
LAC,2020,7669.339773,17.49322296,0.830265805,0.05830265805,8.944985811516776,-1.7433566394914914,-2.842107594040646
LAO,2000,917.2280386,13.41565796,1.678985478,0.06678985477999999,6.821356120294087,-2.0087476567236098,-2.706204084524543
LAO,2010,1564.910683,27.46248774,1.471928721,0.06471928721,7.355584029780115,-1.2923491947044081,-2.7376960197350706
LBN,1990,2752.724423,31.31269096,1.963138465,0.06963138465,7.920346399514698,-1.1611467086386495,-2.6645398844003267
LBN,2000,5958.978368,20.41122214,1.725524567,0.06725524566999999,8.692654330601105,-1.5890853314881943,-2.699260261014347
LBN,2010,8955.543362,24.93725851,0.976748359,0.05976748359,9.100027989594299,-1.3888071751944213,-2.817293518588234
LBN,2020,6440.828431,8.098177366,-1.603862582,0.033961374180000004,8.770412449179233,-2.513531166172929,-3.382531453693352
LBY,1990,11085.94399,18.61576054,2.328670286,0.07328670286,9.313433277648748,-1.6811616231993232,-2.613376093639922
LBY,2000,10853.80595,11.84062851,1.653226142,0.06653226142,9.29227107626195,-2.133633474326252,-2.7100683148245093
LBY,2010,12913.93349,19.80079923,2.039057706,0.07039057706,9.466062122948587,-1.6194478839507376,-2.6536958733562064
LBY,2020,6102.79864,9.449830477,1.348449803,0.06348449803,8.716502738390494,-2.3591733835851434,-2.7569595283987853
LCN,1990,5779.974096,19.57194145,1.884386268,0.06884386268,8.66215447999548,-1.6310732040841847,-2.6759141982309735
LCN,2000,6742.026937,20.09473141,1.460066858,0.06460066857999999,8.816115891187982,-1.6047125241876983,-2.7395305187115335
LCN,2010,8060.797047,21.68345039,1.088737947,0.06088737947,8.994767719817414,-1.5286208712495375,-2.7987293594038887
LCN,2020,7812.425444,17.51683727,0.705164689,0.05705164689,8.96347075083112,-1.7420076378944658,-2.8637983356060475
LDC,2000,638.3944983,22.29721004,2.405857227,0.07405857227,6.458956428147337,-1.500708625662868,-2.602898981700317
LDC,2010,904.747247,24.88516313,2.325427133,0.07325427133,6.8076556196097116,-1.3908984183444288,-2.613818721112665
LDC,2020,1037.481197,27.86191791,2.392906857,0.07392906857,6.944551128567129,-1.2779093790151963,-2.604649178302179
LIC,2000,682.3277068,15.1323472,2.619409688,0.07619409688,6.525510050940618,-1.8883355347276938,-2.5744712880568006
LIC,2010,853.9919034,17.28880301,2.818816995,0.07818816995,6.749921712947374,-1.7551111188802744,-2.5486369222865206
LIC,2020,691.9918786,19.12976453,2.833356905,0.07833356905,6.539574219421633,-1.6539247115505251,-2.546779044361679
LKA,1990,1388.589518,22.20588967,0.63741176,0.056374117599999995,7.236043775680571,-1.5048126318453485,-2.8757451336099535
LKA,2000,1956.933104,28.03927368,1.821928939,0.06821928938999999,7.579133783878766,-1.271564027152911,-2.6850279184926786
LKA,2020,4227.233153,32.87112315,0.53062656,0.0553062656,8.349302957077343,-1.1125756294402953,-2.8948690748828834
LMC,1990,845.6390105,27.10046775,2.514121946,0.07514121945999999,6.740092567006574,-1.3056191981037892,-2.5883860097957943
LMC,2000,1026.703806,24.29624332,2.021844706,0.07021844706,6.934108761320547,-1.414848443477538,-2.6561442238381505
LMC,2010,1531.266107,32.57891863,1.719184624,0.06719184623999999,7.333850193094857,-1.1215047745866416,-2.7002033745290923
LMC,2020,2021.055034,26.40198923,1.349230407,0.06349230407,7.6113749481065875,-1.3317308290532488,-2.7568365761763207
LMY,1990,1637.90976,26.32213946,2.044660093,0.07044660092999999,7.401176171320326,-1.3347597963603772,-2.652900289778708
LMY,2000,2169.245802,24.29643409,1.562846517,0.06562846517,7.682134829440656,-1.4148405916772184,-2.723745756873881
LMY,2010,3513.142552,33.32135531,1.375614248,0.06375614248,8.164266229865545,-1.09897169394645,-2.752689746957767
LMY,2020,4809.848964,33.73854573,1.120475077,0.061204750769999997,8.478420962191002,-1.0865292120517172,-2.793530465515889
LSO,2010,995.2334325,31.30119004,0.772821659,0.05772821659,6.9029773151706575,-1.1615140687174583,-2.8520092026435293
LSO,2020,944.8341284,26.26467012,1.18432063,0.061843206299999995,6.8510093865846935,-1.3369454913412226,-2.7831530277288077
LTE,1990,2569.811546,27.70143863,1.351592184,0.06351592184,7.851587846795938,-1.2836858380423481,-2.756464666875124
LTE,2000,3466.013106,25.3460727,0.783673441,0.05783673441,8.1507602515725,-1.3725463910296418,-2.8501311617503946
LTE,2010,6525.606949,33.59224949,0.562341467,0.055623414669999996,8.783489246868726,-1.0908748155678116,-2.889151039216481
LTE,2020,9878.286263,35.88017781,0.314567007,0.05314567007,9.198094320534883,-1.0249851931241567,-2.934718643740391
LTU,2000,6384.308654,19.14462233,-0.70338544,0.0429661456,8.76159848601856,-1.6531483280750343,-3.1473427850090516
LTU,2010,10884.11619,17.85780102,-2.09694342,0.029030565799999998,9.295059775149353,-1.7227297413003104,-3.53940601095296
LTU,2020,17443.65526,16.51982279,-0.02561613,0.0497438387,9.76673126609826,-1.8006091449503727,-3.000868668273119
LUX,1990,66027.07501,24.71269471,1.251745707,0.06251745707,11.097820164312541,-1.3978531185137963,-2.7723094481204287
LUX,2000,92527.71087,22.5591443,1.344082996,0.06344082996,11.435263455609268,-1.4890296900421316,-2.7576476191433907
LUX,2010,106544.0574,18.08319349,1.825405804,0.06825405804,11.576313863094814,-1.7101872155374236,-2.684518388223114
LUX,2020,105274.2472,17.92949005,1.666358674,0.06666358674,11.564324102209026,-1.7187233399355744,-2.708096401069412
LVA,2000,6336.382967,24.96316416,-0.963935407,0.04036064593,8.754063374691645,-1.387768881290635,-3.2099000794127037
LVA,2010,10500.86662,20.93133946,-2.08130509,0.0291869491,9.259213067977864,-1.5639226544446108,-3.534033618249348
LVA,2020,14900.72957,22.15542592,-0.701211571,0.04298788429,9.609165455164362,-1.5070877569671512,-3.1468369636882523
MAC,1990,31378.83042,22.81105991,2.984843964,0.07984843963999999,10.353888754081908,-1.4779246838708655,-2.527624945651683
MAC,2000,31772.63025,10.37945813,0.745924205,0.05745924205,10.366360514204901,-2.2653415128885173,-2.8566794164334137
MAC,2010,74195.05778,13.24552244,0.373134761,0.05373134761,11.2144528201986,-2.021510619723354,-2.9237586934094604
MAC,2020,33853.77616,26.16852508,1.974426892,0.06974426892,10.429805827805401,-1.3406128302241878,-2.6629200276779796
MAR,1990,1695.636475,31.06029454,1.805439979,0.06805439979,7.4358134508064415,-1.1692398853762607,-2.687447896721233
MAR,2000,1957.141357,23.8068463,1.403926301,0.06403926301,7.579240196264259,-1.435196987012905,-2.748258899195921
MAR,2010,2767.042236,31.49071664,1.352742862,0.06352742861999999,7.925534243855467,-1.1554773934332532,-2.7562835195739894
MAR,2020,3090.894287,28.77697342,1.025654864,0.06025654864,8.036215741288459,-1.2455946526717705,-2.8091440213974925
MDA,2000,1346.915672,23.94695909,-0.203371722,0.04796628278,7.205572570144768,-1.4293288392947223,-3.0372569569856145
MDA,2010,2269.511161,23.85178659,-0.099832974,0.04900167026,7.727319739707737,-1.4333110620253504,-3.0159008945136816
MDA,2020,3188.916916,23.86444435,-1.098031659,0.03901968341,8.067436613362418,-1.4327805188517784,-3.243689057351609
MDG,1990,538.5362751,35.96231421,2.95165872,0.0795165872,6.2888548575588405,-1.022698623338577,-2.5317896350598312
MDG,2000,465.5295098,11.93054641,3.172972608,0.08172972608,6.1431754884779615,-2.1260681495859592,-2.5043374989830234
MDG,2010,447.417143,27.02738973,2.909196621,0.07909196621,6.103491365264287,-1.3083193997302263,-2.5371439743476376
MDG,2020,422.9242554,17.71532511,2.567788704,0.07567788704,6.047193097763955,-1.7307400955951953,-2.5812692742900087
MDV,2020,7295.60221,35.5119966,2.907112747,0.07907112747,8.895027008612105,-1.0352996141986461,-2.537407483863489
MEA,1990,3503.009385,29.65514032,3.330423832,0.08330423832,8.161377702326071,-1.2155347089601558,-2.4852558509116163
MEA,2000,4004.848871,21.86787967,2.33477473,0.0733477473,8.295261123709325,-1.5201513075312971,-2.6125434865212007
MEA,2010,4846.873509,27.99411493,2.053524513,0.07053524513000001,8.486089138743967,-1.273175878975453,-2.651642763165758
MEA,2020,5033.142085,25.48633491,1.826565049,0.06826565049,8.52379973705541,-1.3670277633442212,-2.6843485599960735
MEX,1990,8036.861144,23.27060354,1.917549323,0.06917549323,8.991793880970025,-1.457979272611437,-2.67110862315748
MEX,2000,9581.969702,22.26492461,1.542725282,0.06542725282,9.167638455467708,-1.502157633252047,-2.7268163975324615
MEX,2010,9389.067221,23.33148941,1.439744726,0.06439744725999999,9.147301229781325,-1.4553662610152187,-2.7426812854773437
MEX,2020,9234.643623,20.23665935,0.820454118,0.05820454118,9.130717302067403,-1.597674407068857,-2.843791900140938
MHL,2010,3441.318884,42.52520174,0.048047818,0.050480478179999996,8.14361007340141,-0.855073303684497,-2.986168588131604
MHL,2020,5172.575282,20.6942928,-3.000928659,0.01999071341,8.551125963791215,-1.5753122338767251,-3.9124874427624703
MIC,1990,1702.283378,26.83300559,2.021794285,0.07021794284999999,7.439725792336501,-1.3155375043435424,-2.656151404455658
MIC,2000,2277.271788,24.486079,1.487372725,0.06487372725,7.730733421259465,-1.4070654340081574,-2.7353125561856393
MIC,2010,3737.173692,33.6034186,1.255573624,0.06255573623999999,8.226084907399214,-1.0905423801468885,-2.7716973397991786
MIC,2020,5211.081104,33.87663673,0.955116866,0.05955116866,8.55854261878733,-1.0824445912026754,-2.820919358520328
MKD,1990,3534.322651,17.76315789,0.39035448,0.053903544799999994,8.170276947806643,-1.728043655108614,-2.9205590369959236
MKD,2000,3283.379341,21.88010264,0.455448702,0.05455448702,8.09662845788716,-1.5195925174032663,-2.908555314907094
MKD,2010,4582.365175,24.46809484,-0.639374483,0.04360625517,8.429970557567994,-1.4078001685322377,-3.132554671715748
MKD,2020,5743.726494,29.91737389,-1.07910572,0.0392089428,8.65586349364731,-1.2067308077900691,-3.2388504255509556
MLI,1990,589.7754059,21.50569791,1.968205711,0.06968205711,6.379741796461221,-1.5368522668960571,-2.663812424629116
MLI,2000,682.4974205,17.6850224,2.913088742,0.07913088741999999,6.525758747564793,-1.732452096721328,-2.5366519947139485
MLI,2010,821.1812866,23.0142231,3.248514009,0.08248514009,6.710743897013724,-1.4690577655345682,-2.495137121986291
MLI,2020,872.3894268,20.65173653,3.017513615,0.08017513614999999,6.771235914584154,-1.5773707766542369,-2.523541835244086
MLT,1990,10067.75201,30.62667752,0.978313699,0.05978313699,9.217092724446085,-1.1832987424600943,-2.817031647926024
MLT,2000,17178.37738,27.3213667,0.645267231,0.05645267231,9.751406742882159,-1.297501126914487,-2.874352650091529
MLT,2010,20750.64795,21.86439202,0.491182811,0.05491182811,9.940332751677332,-1.5203108075925844,-2.9020265054027163
MLT,2020,27861.82028,20.11690203,2.271625497,0.07271625497,10.235012581882865,-1.6036098272639543,-2.62119032975148
MNA,1990,2055.403151,33.18347829,3.435210125,0.08435210124999999,7.62822728822473,-1.103118075797928,-2.47275555921567
MNA,2000,2321.529046,22.77963341,2.224899131,0.07224899131,7.749981319119805,-1.4793033207236528,-2.627636913194319
MNA,2010,2855.299131,28.2952605,2.163497567,0.07163497566999999,7.956931891032476,-1.2624758688623847,-2.6361718372753042
MNA,2020,2829.047126,25.81616451,1.753989334,0.06753989333999999,7.947695229345925,-1.354169358854024,-2.695036843238281
MNE,2000,4391.36966,22.38840423,-0.027974019,0.04972025981,8.38739645285295,-1.4966270294671644,-3.001342786890689
MNE,2010,5917.917887,22.27012401,0.183239906,0.05183239906,8.685739957737162,-1.5019241362565463,-2.959739860759319
MNE,2020,6351.954863,30.08751728,-0.026010438,0.04973989562,8.756517896950843,-1.2010598085541804,-3.0009479391213443
MNG,1990,1823.456238,29.06732538,-1.206532913,0.03793467087,7.508489011057549,-1.2355554818420866,-3.2718897863863208
MNG,2000,1598.31282,29.01074048,1.327111441,0.06327111441,7.376703864364776,-1.2375040631891536,-2.760326382417532
MNG,2010,2611.673266,42.08695429,1.749926831,0.06749926831,7.867746392985443,-0.865432367667525,-2.6956385210142564
MNG,2020,4066.034109,22.38359766,1.805420087,0.06805420087,8.310423382987342,-1.4968417426725413,-2.6874508196812665
MOZ,2000,287.3906303,41.13066992,2.203665172,0.07203665172,5.660842371512924,-0.888416116010668,-2.6305802378222607
MOZ,2010,494.1628591,23.19552126,2.676859035,0.07676859035,6.202865137148792,-1.4612109750901416,-2.5669597023012742
MOZ,2020,591.80406,44.82667647,2.964900343,0.07964900343,6.383175600368396,-0.8023667668616351,-2.5301257545687603
MRT,1990,1437.750482,13.95127958,2.533517471,0.07533517471000001,7.270835005839851,-1.9695989557624296,-2.58580812562359
MRT,2000,1304.644391,11.29580089,2.783538221,0.07783538221,7.173685785304646,-2.18073913198604,-2.5531591669905462
MRT,2010,1460.191797,32.25108313,3.191594036,0.08191594036,7.286323073882606,-1.1316185578839313,-2.50206167507123
MRT,2020,1553.306156,38.65932317,2.92092559,0.0792092559,7.348140942161184,-0.9503822196037882,-2.53566211956598
MUS,1990,3859.644415,29.80909287,0.712313471,0.057123134709999995,8.258330337749205,-1.210356709153611,-2.8625460830798755
MUS,2000,5744.198302,25.63662289,0.982676166,0.05982676166,8.655945633460835,-1.3611482751689852,-2.816302198734498
MUS,2010,8114.82056,26.7282316,0.237886693,0.052378866930000004,9.001447367566199,-1.3194498159008392,-2.949252071866208
MUS,2020,9483.676026,17.96607711,0.00229068,0.0500229068,9.157327286542781,-1.7166848111942945,-2.995274242466247
MWI,2020,559.4470861,16.71063514,2.635737351,0.07635737350999999,6.326948949731809,-1.7891248345280297,-2.572330676865968
MYS,1990,4184.760729,32.36032616,2.948725779,0.07948725779,8.339204807812408,-1.128237014738582,-2.532158549539031
MYS,2000,6455.614198,26.86748915,2.344802412,0.07344802412,8.772705449490063,-1.3142532120886297,-2.6111772777451927
MYS,2010,8118.922705,23.3865411,1.870406127,0.06870406127,9.001952752556013,-1.4530094957629018,-2.677946965489471
MYS,2020,10171.46578,19.65800823,1.333633231,0.06333633231,9.22734160648413,-1.6266853871846711,-2.7592961443476858
NAC,1990,38290.0953,21.50937929,1.167245669,0.06167245669,10.55294653336874,-1.5366810999356042,-2.785917854709255
NAC,2000,47364.74567,23.46978716,1.09487429,0.0609487429,10.765633468718526,-1.4494562447644896,-2.7977220483701
NAC,2010,51440.08048,19.13655025,0.872248323,0.05872248323,10.84817292345149,-1.6535700539301015,-2.834932606230809
NAC,2020,57470.41952,21.78432315,0.477755737,0.05477755737,10.95902565128374,-1.523979596444618,-2.904474705955161
NAM,1990,2857.337775,27.05753653,6.047624529,0.11047624529,7.957645622403851,-1.3072046047140624,-2.2029547558858447
NAM,2000,3083.596579,17.04146597,2.352198772,0.07352198772,8.033851915166927,-1.7695206371840984,-2.610170764847518
NAM,2010,4165.129902,23.77999896,1.548414643,0.06548414643,8.33450274307016,-1.436325338459687,-2.7259472048737954
NAM,2020,3787.49944,13.92920342,2.910198877,0.07910198876999999,8.239461301962828,-1.9711825843253705,-2.5370172620467195
NER,1990,465.9238895,11.28478681,3.079484547,0.08079484547,6.144022293533078,-2.181714667345864,-2.51584210917811
NER,2000,392.8986169,13.14220964,3.467163828,0.08467163828,5.973551606324062,-2.0293410257297384,-2.468974582513133
NER,2010,441.0791661,32.64046052,3.725350774,0.08725350774,6.089224374301949,-1.1196175469230898,-2.4389375153839503
NER,2020,533.1943289,28.48973231,3.299773916,0.08299773916,6.278885952276498,-1.2556264334508125,-2.488941910592673
NIC,1990,1260.873828,19.27580248,2.335325265,0.07335325265,7.139560273861332,-1.6463196342017044,-2.6124684311363775
NIC,2000,1458.374901,26.65475319,1.37553337,0.0637553337,7.285078013260244,-1.3222026951822345,-2.752702432561043
NIC,2010,1704.37875,24.83986814,1.419167896,0.06419167896,7.440955953817454,-1.3927202373104939,-2.7458816879014343
NIC,2020,1950.191812,20.33663661,1.250847412,0.06250847411999999,7.575683011848466,-1.592746167447966,-2.7724531455107213
NLD,1990,31308.91342,23.90127116,0.688603823,0.05688603823,10.351658109789799,-1.4312385418541054,-2.8667053417726396
NLD,2000,40665.33817,22.45887247,0.714770363,0.05714770363,10.613131366562856,-1.4934844396298381,-2.862116071000932
NLD,2010,44659.27284,20.03710604,0.512923101,0.05512923101,10.706817243129931,-1.6075843293810737,-2.898075195144616
NLD,2020,47086.58042,21.35197798,0.55554079,0.0555554079,10.75974332263519,-1.5440258051715257,-2.8903744156996964
NOR,1990,49937.45576,24.7645897,0.344151413,0.05344151413,10.818526616600854,-1.395755387821862,-2.929167416884168
NOR,2000,67846.59686,21.81803845,0.649044821,0.05649044821,11.125004507188613,-1.5224331065077268,-2.8736837133517836
NOR,2010,72804.39562,24.98868675,1.24566618,0.0624566618,11.19553161175762,-1.3867469935424919,-2.7732823739605204
NOR,2020,75287.20595,31.35211573,0.588757324,0.05588757324,11.229065491649513,-1.1598884337860147,-2.8844132269330736
NPL,1990,422.7247386,18.12582192,2.419699219,0.07419699219,6.046721231055386,-1.7078326389651663,-2.6010316661533404
NPL,2000,547.2210823,24.31486635,1.731274864,0.06731274864,6.304852893161201,-1.4140822387544814,-2.698405630256196
NPL,2010,721.2652214,38.27120645,0.619710468,0.05619710468,6.581006921793726,-0.9604723623544021,-2.8788900415590635
NPL,2020,1031.536188,30.44028151,1.925831066,0.06925831066,6.938804414784913,-1.1894034050084596,-2.669912131584571
NZL,1990,26395.6956,20.47105495,0.923222729,0.05923222729,10.180956230386506,-1.5861582512481236,-2.8262895053145116
NZL,2000,30853.80764,22.03456304,0.587564086,0.05587564086,10.337015446028563,-1.5125579181607884,-2.8846267565839776
NZL,2010,35489.76315,20.37565733,1.111726056,0.06111726056,10.476999571907369,-1.590829265786467,-2.794960955808977
NZL,2020,39785.47313,23.11174293,2.033387792,0.07033387792,10.591257127911339,-1.4648293456793702,-2.654501691265768
OED,1990,25156.96178,25.84680195,0.890400345,0.05890400345,10.132889947560944,-1.3529833083543792,-2.8318462203458465
OED,2000,30592.03783,24.31394694,0.713186354,0.05713186354,10.328495052448167,-1.4141200521386832,-2.8623932874884233
OED,2010,33528.41,20.99196366,0.677505277,0.05677505277,10.420148418115202,-1.5610305043635821,-2.8686582615325587
OED,2020,36444.65164,22.68178131,0.377835338,0.05377835338,10.503549995257803,-1.4836081692074323,-2.922884246311898
OMN,1990,16629.45566,10.84059557,5.101184915,0.10101184915,9.71893083923995,-2.2218722496039223,-2.2925174507053017
OMN,2000,19881.73643,22.58377343,1.288738553,0.06288738553,9.897556821969603,-1.4879385274109962,-2.7664096834009024
OMN,2010,22766.05036,29.38655462,2.675117096,0.07675117096,10.033025685953348,-1.224632942099156,-2.5671866358233966
OMN,2020,17743.88588,27.62066933,-1.508608296,0.03491391704,9.783796278099674,-1.2866058047741424,-3.354869760206563
OSS,2000,8348.276462,24.82201963,0.304071119,0.05304071119,9.02981038480254,-1.3934390384503599,-2.936695524634846
OSS,2010,9829.373762,23.70611661,1.112117303,0.06112117303,9.193130504295977,-1.4394370863350348,-2.7948969420632763
OSS,2020,10962.07886,24.36829078,1.096611533,0.06096611533,9.302197219522897,-1.4118874570437105,-2.7974370555419936
PAK,1990,950.8846448,18.93537303,3.343048542,0.08343048542,6.857392756344768,-1.6641384242738577,-2.483741503794297
PAK,2000,1049.542297,16.31067792,2.824759835,0.07824759835,6.956109440497176,-1.8133502055347137,-2.5478771420456634
PAK,2010,1256.694822,15.96155243,2.470817015,0.07470817015,7.1362403962975,-1.834987328646728,-2.594165819999505
PAK,2020,1526.005975,14.81553999,1.803751413,0.06803751413,7.330409127302006,-1.9094935567574176,-2.6876960475422518
PAN,1990,4828.758777,21.14068661,2.130506893,0.07130506892999999,8.482344731633512,-1.5539707268870606,-2.6407878611014963
PAN,2000,6856.149188,28.40604302,1.964005579,0.06964005579,8.832901220250902,-1.2585682810615277,-2.6644153629624237
PAN,2010,10698.07175,37.34120254,1.78385793,0.06783857930000001,9.2778187939298,-0.9850728432511504,-2.690624229639944
PAN,2020,12647.08266,23.95460779,1.37340967,0.06373409669999999,9.445181847795993,-1.4290094885693414,-2.7530355895942153
PER,1990,2706.922532,16.16440551,2.21460822,0.0721460822,7.9035676715468846,-1.82235855185566,-2.6290622959988976
PER,2000,3286.273085,19.62798476,1.560430591,0.06560430591,8.097509400743647,-1.6282138442025536,-2.724113946314279
PER,2010,5167.392593,23.76050904,0.652636898,0.05652636898,8.550123506240732,-1.4371452674807188,-2.8730480420932456
PER,2020,5831.830248,18.19125889,1.192504953,0.06192504953,8.671086166268992,-1.704228988046323,-2.781830503768519
PHL,1990,1704.075689,23.33171058,2.561221128,0.07561221128000001,7.440778124830022,-1.4553567815967456,-2.582137483972662
PHL,2000,1793.347611,15.68436416,2.379265889,0.07379265889,7.491839325980191,-1.8525058832608607,-2.606496025358711
PHL,2010,2373.143121,20.44177114,2.047954252,0.07047954252,7.77197056688001,-1.5875897737216098,-2.6524327882946888
PHL,2020,3198.6669,17.43337903,1.145514086,0.06145514086,8.070489408238535,-1.7467834823650499,-2.7894477872341814
PLW,2010,13206.51226,25.58954405,-1.687144183,0.03312855817,9.48846533994617,-1.3629863534819662,-3.4073595839916546
PLW,2020,14532.98984,41.71989417,-0.033717337,0.049662826630000004,9.584176505527322,-0.8741920925317954,-3.0024985808683335
PNG,1990,1892.306793,24.44249724,2.610540964,0.07610540964,7.545551889214902,-1.4088468785084813,-2.5756359307014294
PNG,2000,1989.578822,21.89201709,3.449251614,0.08449251614,7.59567824808192,-1.5190481320562585,-2.471092314931776
POL,2000,7401.576976,24.69996767,-1.044335398,0.03955664602,8.90944836135351,-1.3983682512618991,-3.2300215579249656
POL,2010,10808.39757,20.85866889,-0.285609122,0.04714390878,9.288078663752536,-1.5674005500526622,-3.0545504663711864
POL,2020,15090.22284,18.83940516,-1.191640262,0.03808359738,9.621802319048484,-1.6692194905867277,-3.2679716045082836
PRI,1990,18733.64525,16.95436457,0.890295757,0.05890295757,9.838076397430928,-1.7746448885530695,-2.831863976172684
PRI,2000,26131.96306,19.714561,0.276558689,0.05276558689,10.170914482367111,-1.6238126862155766,-2.9418960642070204
PRI,2010,28569.50771,9.160379056,-0.427201373,0.04572798627,10.260095264064812,-2.3902826264988613,-3.0850447774883993
PRI,2020,28144.72232,10.88092899,-0.640952968,0.04359047032,10.245115131798649,-2.218158563095102,-3.1329167231593944
PRT,1990,14593.27061,27.72113145,-0.21794848,0.0478205152,9.588315784318192,-1.2829751953998167,-3.0403005432751558
PRT,2000,18822.09331,28.7766388,0.702859953,0.05702859953,9.84278663490299,-1.2456062807863961,-2.8642023908397416
PRT,2010,19698.68368,21.19945268,0.045910037,0.050459100369999996,9.888307094219527,-1.5511948216245206,-2.986592164505247
PRT,2020,19778.71395,19.41857918,0.105114125,0.05105114125,9.89236158536832,-1.6389398885202815,-2.9749273790875534
PRY,1990,4059.773431,17.80891327,2.711143281,0.07711143280999999,8.308882445866198,-1.725471108515627,-2.5625037239326462
PRY,2000,4074.489533,17.33924481,1.934600538,0.06934600537999999,8.312500749852815,-1.7521977674872213,-2.6686467347454665
PRY,2010,5191.050143,23.83495844,1.169858012,0.06169858012,8.554691295383735,-1.4340168409871124,-2.785494360977405
PRY,2020,6109.196081,20.04146035,1.35198907,0.0635198907,8.717550469204564,-1.6073670406699576,-2.7564021827626215
PSE,2000,2436.012077,31.50268917,2.555235698,0.07555235698,7.798117586535068,-1.1550972733241653,-2.5829293931325523
PSE,2010,2927.08102,19.84713113,2.597032218,0.07597032218,7.98176096652745,-1.6171107167559104,-2.5774125125914398
PSE,2020,2922.468011,24.30384311,2.486549938,0.07486549938,7.980183747520707,-1.4145356954715074,-2.59206211700797
PST,1990,27762.15033,25.89136373,0.644464826,0.05644464826,10.231428873076089,-1.3512607196064643,-2.874494797840882
PST,2000,34226.70394,24.43110592,0.506639541,0.055066395409999996,10.440761435330788,-1.4093130328114079,-2.8992156325440246
PST,2010,38170.96803,20.83225822,0.474124528,0.05474124528,10.549830506434196,-1.5686675246854518,-2.905137826633108
PST,2020,41771.30072,22.37105981,0.188955928,0.05188955928,10.639964797059049,-1.497402035211319,-2.9586376789898776
PYF,2010,19913.02527,21.1616841,0.406991624,0.05406991624,9.899129332778108,-1.552977993318136,-2.917477324692438
PYF,2020,19026.79044,21.09592749,0.062696713,0.05062696713,9.853603288157286,-1.556090174087495,-2.983270897421454
QAT,2000,52234.36152,20.15128546,5.168431997,0.10168431996999999,10.863495823974926,-1.6019021050892415,-2.28588216706717
QAT,2010,72333.80274,31.6551223,0.491609879,0.05491609879,11.189046833326518,-1.1502702084707965,-2.901948735019123
QAT,2020,57769.58361,43.84915085,5.725715448,0.10725715447999999,10.964217681029066,-0.8244148322376746,-2.2325260149606914
ROU,1990,5019.437027,30.24828069,0.174176628,0.051741766280000004,8.521073060381005,-1.1957308398207218,-2.9614899651957964
ROU,2000,4569.311243,19.66958111,-0.12944004,0.048705599599999996,8.427117759838485,-1.626096849695938,-3.021961273983954
ROU,2010,7660.706676,27.18907942,-0.593959184,0.044060408159999995,8.943859513831853,-1.3023547852173614,-3.122193673919573
ROU,2020,10854.04943,24.33196349,-0.550759893,0.04449240107,9.292293508694424,-1.413379330023936,-3.1124368668634235
RUS,1990,7849.519043,30.13039429,0.168017665,0.05168017665,8.968207540491825,-1.1996357466387748,-2.9626810013634777
RUS,2000,5323.666504,18.69376019,-0.42061499,0.0457938501,8.579917537432818,-1.6769803974901463,-3.083605474170577
RUS,2010,8755.120117,22.61505055,0.044896488,0.05044896488,9.077393964443084,-1.4865545478186872,-2.9867930501333477
RUS,2020,9632.325195,23.45582915,-0.143202032,0.04856797968,9.17287992891805,-1.4500511441609918,-3.0247908195365656
RWA,1990,368.2196024,14.64998322,2.618292836,0.07618292836,5.908679505839221,-1.9207309959181627,-2.574617878659976
RWA,2000,333.3550901,12.29117235,0.80699171,0.0580699171,5.809208258484014,-2.096288876398106,-2.846107527186592
RWA,2010,583.3714164,20.53250116,2.523651344,0.07523651344,6.368824061375603,-1.5831611328600834,-2.587118614804287
RWA,2020,826.3913077,23.73465633,2.242448834,0.07242448834000001,6.717068399478088,-1.4382339135503504,-2.6252108000392855
SAS,1990,543.3396365,26.74684553,2.167409738,0.07167409738,6.297734605985654,-1.3187536437118201,-2.635625860525344
SAS,2000,758.1331725,26.10661881,1.870105257,0.06870105257,6.630859059524796,-1.3429813095561576,-2.677990758619383
SAS,2010,1222.51823,39.18957169,1.36549214,0.0636549214,7.108668133303283,-0.9367595028998105,-2.7542786372505335
SAS,2020,1806.990454,29.34010169,0.970749727,0.05970749727,7.499418007789121,-1.2262149473624249,-2.8182976840563314
SAU,1990,25918.96508,15.68401339,4.934265871,0.09934265871,10.162730222199952,-1.8525282478220788,-2.3091802059203865
SAU,2000,22247.8567,19.316965,4.459832445,0.09459832445,10.01000095486465,-1.6441864606411267,-2.3581155150261948
SAU,2010,21830.14243,30.92623202,-0.992481797,0.040075182029999996,9.991046974030263,-1.1735654295378517,-3.2169980382635237
SAU,2020,22827.67194,23.3158218,4.833138517,0.09833138517,10.035728760605377,-1.4560380086543756,-2.3194120233371924
SDN,1990,764.4504395,10.43693088,2.034308939,0.07034308939,6.639157195929605,-2.2598196237648054,-2.654370732087598
SDN,2000,1111.118652,24.88803086,2.497545616,0.07497545616,7.013122581416933,-1.3907831864385258,-2.5905944702041857
SDN,2010,1311.223145,20.39853923,2.415789333,0.07415789333,7.178715679043201,-1.5897068940743284,-2.601558765220799
SDN,2020,1056.864746,5.786535233,2.688251257,0.07688251257,6.963062017417724,-2.8496364788731894,-2.5654768331423767
SEN,1990,990.7775226,14.59725848,2.868486394,0.07868486394,6.898490011245638,-1.9243364502482632,-2.5423044681040903
SEN,2000,1048.374741,22.37322729,2.410099177,0.07410099177,6.954996378255541,-1.4973051522283876,-2.602326362559137
SEN,2010,1153.534311,20.08694666,2.386901953,0.07386901953,7.050585822294968,-1.6051000017880037,-2.605461760441449
SEN,2020,1361.791437,35.63296509,2.633035725,0.07633035725000001,7.2165563450279215,-1.0318989909162053,-2.572684552847325
SGP,1990,23272.70009,35.65311389,3.889093607,0.08889093607,10.055036282654834,-1.0313336967991813,-2.420345098128134
SGP,2000,34890.08114,35.174036,1.732042233,0.06732042233,10.459957859772842,-1.044861989191188,-2.6982916362092157
SGP,2010,48752.05154,27.65822752,1.771832879,0.06771832879,10.79450255841233,-1.2852469427881226,-2.692398400255619
SGP,2020,59189.70386,22.80539556,-0.311904961,0.046880950389999995,10.988502884462253,-1.478173030655847,-3.0601438610946388
SLB,1990,1805.732068,7.545378213,3.111246983,0.08111246983,7.498721366381856,-2.584234967390432,-2.5119185709874543
SLB,2000,1747.717962,7.629120287,2.289274446,0.07289274445999999,7.466066194227084,-2.573197643931287,-2.618766172218363
SLB,2010,2058.956916,17.94388299,2.821397885,0.07821397885,7.629954782088126,-1.7179209096340666,-2.548306889733486
SLB,2020,1930.655103,16.72381658,2.220721486,0.07220721486000001,7.565614655911274,-1.7883363400258125,-2.628215309267043
SLE,1990,992.2593519,13.00591548,3.956139033,0.08956139033,6.899984516562071,-2.039765895101383,-2.4128309633658263
SLE,2000,727.2409146,1.096810372,2.415404052,0.07415404051999999,6.589257804481875,-4.512763880165816,-2.6016107207162316
SLE,2010,902.7698914,34.43355579,2.721508599,0.07721508599,6.805467694143562,-1.066138638048089,-2.561160426664071
SLE,2020,1010.252946,15.34121073,2.308472027,0.07308472027,6.917956020064205,-1.8746274668271252,-2.616135959109381
SLV,1990,2348.204602,13.81290212,1.883405105,0.06883405105,7.761406315993186,-1.979567094373707,-2.6760567284270054
SLV,2000,2964.893469,17.66906046,0.497012729,0.054970127290000004,7.994596381275384,-1.7333550725472193,-2.9009653814855434
SLV,2010,3398.493461,16.6715814,0.329632682,0.05329632682,8.131087512700686,-1.7914646286977962,-2.9318878653820977
SLV,2020,3808.531954,17.2116179,0.198362575,0.05198362575,8.244999079957505,-1.75958557088632,-2.9568264994118714
SMR,2020,40506.85211,18.05086818,0.308211037,0.05308211037,10.609226426685206,-1.7119764037509444,-2.9359153120190955
SOM,1990,259.4000219,13.78302859,-0.45086481,0.0454913519,5.558371356307937,-1.98173216298352,-3.090233039222337
SOM,2020,462.8670537,16.00602689,3.795920669,0.08795920669,6.137439871816636,-1.832204854049646,-2.4308821323221506
SRB,2000,3542.353659,9.063631079,-0.319524801,0.04680475199,8.172546660619807,-2.4009003648780167,-3.061770542965332
SRB,2010,5690.703272,17.32418419,-0.402005901,0.045979940989999996,8.646589117373823,-1.753066730621116,-3.0795500430320053
SRB,2020,6850.967422,24.09749362,-0.666107601,0.04333892399,8.832145150773377,-1.4230623500698951,-3.1387041103625575
SSA,1990,1379.946472,23.22629289,2.692593117,0.07692593117,7.229799988993164,-1.4598852348074565,-2.564912252939918
SSA,2000,1300.931572,22.81879142,2.613615505,0.07613615505,7.170835880665004,-1.4775858043940038,-2.57523202772683
SSA,2010,1667.518204,23.55725874,2.746959873,0.07746959873,7.419091694671718,-1.4457361862661788,-2.5578696940341983
SSA,2020,1613.929021,18.87895274,2.55803335,0.0755803335,7.386426870787285,-1.667122496088875,-2.5825591685275286
SSD,2010,2295.070261,10.28965508,5.292546182,0.10292546182,7.738518736840836,-2.274031156626193,-2.273750224379713
SSF,1990,1279.185818,22.94779783,2.784015806,0.07784015806,7.153979074841652,-1.47194820920535,-2.5530978105309097
SSF,2000,1197.832861,22.8785985,2.658310466,0.07658310466,7.088269253917226,-1.4749682757232492,-2.5693787923601485
SSF,2010,1542.532154,23.59070113,2.755888042,0.07755888042,7.341180600943156,-1.4443175715180248,-2.5567178837299225
SSF,2020,1529.248946,19.90166906,2.573415264,0.07573415264,7.332532008895692,-1.6143665854129254,-2.580526062551909
SST,2000,8220.23901,23.86905624,0.563467412,0.05563467412,9.014354564269844,-1.4325872839137432,-2.888948636853455
SST,2010,9921.823797,23.64575486,1.008056715,0.06008056715,9.202492033884518,-1.4419865856820213,-2.8120688316573648
SST,2020,10330.22442,23.97437068,0.920713681,0.05920713681,9.242829286950302,-1.4281848145724854,-2.8267131901352807
SUR,2010,8603.907867,36.2044526,1.16234547,0.0616234547,9.059971782171292,-1.0159880747202457,-2.7867127227957567
SVK,1990,8597.463915,29.87541844,0.439617095,0.05439617095,9.059222545147279,-1.2081341694746721,-2.911461514546047
SVK,2000,8997.211996,27.81532255,-0.135376488,0.04864623512,9.10467003010495,-1.2795831462670608,-3.023180860395015
SVK,2010,14596.14778,25.37833683,0.093191273,0.05093191273,9.58851292219678,-1.3712742565819427,-2.977265582733501
SVK,2020,17763.85638,20.22680988,0.085769476,0.05085769476,9.78492113148852,-1.5981612397790503,-2.9787238452218308
SVN,1990,13615.58586,17.45293521,0.090624343,0.05090624343,9.518970434663162,-1.7456623446080548,-2.9777697022406002
SVN,2000,16146.12168,29.05749117,0.29607496,0.052960749599999996,9.689435156158448,-1.2358938643326491,-2.9382042133750024
SVN,2010,20444.12013,22.56013449,0.436079485,0.05436079485,9.925450595922559,-1.4889857979398322,-2.9121120678414143
SVN,2020,22811.80505,20.18967195,0.669754656,0.05669754656,10.03503344629918,-1.5999990019379926,-2.870024339731365
SWE,1990,34903.34804,29.11052494,0.772602676,0.05772602676,10.460338035967526,-1.2340703954147938,-2.8520471368057865
SWE,2000,41561.77476,22.2311756,0.160575485,0.05160575485,10.63493614786251,-1.5036745759194905,-2.964122084612641
SWE,2010,48205.54925,22.42190232,0.852524629,0.05852524629,10.78322942307983,-1.4951319227018223,-2.838297057326961
SWE,2020,51624.58118,24.42075424,0.722703913,0.057227039130000004,10.851753217494348,-1.409736831623614,-2.860728780226597
SWZ,2020,3609.366914,15.29022822,1.083630577,0.06083630577,8.191287665864692,-1.8779562400630263,-2.799568533848805
SYC,1990,8779.852313,24.26330082,0.490359666,0.05490359666,9.080214865644866,-1.4162052315461657,-2.902176419679926
SYC,2000,11703.75352,24.91839395,0.892658567,0.058926585670000003,9.367664883011358,-1.3895639423800656,-2.831462920551708
SYC,2010,12313.55669,37.03142382,2.792329069,0.07792329069000001,9.418456104335872,-0.9934033413561849,-2.5520303888917444
SYC,2020,17048.36173,21.3213199,0.853707878,0.05853707878,9.743809391878077,-1.5454626796011024,-2.8380949002275995
TCD,1990,602.6706858,6.753507456,2.766507641,0.07766507641,6.401370921177704,-2.6951081929498812,-2.5553495897018954
TCD,2000,530.6003313,23.27390222,3.458862793,0.08458862793000001,6.2740090660909305,-1.4578375295656505,-2.4699554430365622
TCD,2010,956.9530187,21.85444822,3.460770948,0.08460770948,6.863754297980387,-1.5207657053033603,-2.4697298879167175
TCD,2020,884.9805419,22.78744555,3.181970361,0.08181970361,6.785565658212549,-1.4789604354540746,-2.503237188951391
TEA,1990,1085.415863,33.78399645,1.616554583,0.06616554583,6.989718476411029,-1.085182973435782,-2.7155954072634554
TEA,2000,2157.91938,30.32234719,1.002607154,0.060026071539999996,7.676899786454797,-1.1932852142920174,-2.8129762854723084
TEA,2010,4852.744298,42.23885396,0.745622556,0.057456225560000004,8.487299658546647,-0.8618296785869425,-2.856731915719427
TEA,2020,8386.639502,40.23799349,0.453261414,0.05453261414,9.034395183110815,-0.9103585250084251,-2.9089563317103737
TEC,1990,5339.133663,29.3210567,0.644574723,0.056445747229999996,8.582818683399397,-1.2268642693735086,-2.8744753281597766
TEC,2000,4430.11168,21.76161167,-0.051698957,0.04948301043,8.396180072653696,-1.5250227010261674,-3.006125891958569
TEC,2010,6986.953555,24.12704963,0.369045723,0.05369045723,8.851799911185287,-1.421836583615356,-2.9245199984729133
TEC,2020,8778.059563,24.76799866,0.196606052,0.051966060519999996,9.080010655711602,-1.3956177426828433,-2.9571644557982246
TGO,1990,703.623952,36.14051413,2.927067199,0.07927067199,6.556244054353343,-1.0177556748598968,-2.534887054939283
TGO,2000,679.5334216,29.49747031,2.75685669,0.0775685669,6.521406417959258,-1.2208656785226375,-2.556592999575894
TGO,2010,644.5632813,15.84042478,2.721017166,0.07721017166,6.46857300421557,-1.842604983042187,-2.5612240733767453
TGO,2020,808.3006971,19.81052971,2.412473937,0.07412473937,6.694934139166743,-1.6189565861096342,-2.602005937758119
THA,1990,2631.519711,41.35376259,1.63811608,0.0663811608,7.875316795170493,-0.8830067749458549,-2.7123419856482696
THA,2000,3514.71663,22.28260569,1.13127018,0.0613127018,8.164714183640815,-1.5013638257924917,-2.7917682503265997
THA,2010,5059.357478,25.35665463,0.670617338,0.05670617338,8.528994773586376,-1.3721289803414642,-2.8698721962210603
THA,2020,6035.186277,23.75538517,0.166540795,0.05166540795,8.705361999169616,-1.4373609372099767,-2.962966813285829
TJK,2000,429.537301,9.41400347,1.222529565,0.06222529565,6.062708585150374,-2.362971874409251,-2.7769936794340233
TJK,2010,770.6041054,23.84618187,2.13859733,0.0713859733,6.64717475971485,-1.4335460707775785,-2.6396538813168475
TJK,2020,1171.901275,33.47495126,2.27553633,0.0727553633,7.066382730240755,-1.0943727504238645,-2.620652653311123
TKM,1990,3495.748389,40.0,2.643363458,0.07643363457999999,8.15930276307554,-0.916290731874155,-2.5713324364945476
TKM,2000,2255.014968,34.73865594,1.994744397,0.06994744397,7.720911889608763,-1.0573171150427467,-2.6600111193531464
TKM,2010,3900.142379,51.8808272,2.047357865,0.07047357865000001,8.268768338887256,-0.6562208821796819,-2.6525174103300726
TLA,1990,5654.116835,19.49746473,1.916281571,0.06916281570999999,8.640139202171623,-1.6348857427170769,-2.6712919060114144
TLA,2000,6609.801197,20.20477533,1.495788156,0.06495788156,8.796308856296614,-1.5992512070443468,-2.7340161951136817
TLA,2010,7913.954928,22.04057252,1.119731849,0.06119731849,8.976382926705497,-1.512285225634225,-2.7936519059466605
TLA,2020,7684.385214,17.85099999,0.730174027,0.05730174027,8.946945654594401,-1.723110657482869,-2.8594242845184503
TLS,2010,1195.380661,42.71781168,2.416489984,0.07416489983999999,7.086219958410872,-0.850554217367284,-2.6014642887097317
TLS,2020,1947.839929,16.46570198,1.911593734,0.06911593734,7.574476308854926,-1.8038906363889724,-2.6719699331234894
TMN,1990,2053.975283,32.95576375,2.886203359,0.07886203358999999,7.62753235682311,-1.1100040162095506,-2.5400553635204823
TMN,2000,2320.805415,22.71217352,2.222804416,0.07222804416,7.749669566051629,-1.4822691268325165,-2.6279268852314477
TMN,2010,2854.82932,28.34805111,2.160642219,0.07160642219,7.956767337465918,-1.2606119020926454,-2.6365705136468667
TMN,2020,2828.394651,25.83049676,1.748891773,0.06748891773,7.947464568553075,-1.3536143471643824,-2.695791876360734
TON,1990,2987.636814,18.49329963,0.298338267,0.052983382669999995,8.002237990672356,-1.6877617016697746,-2.937776949120544
TON,2000,3866.685749,20.25851106,0.616444658,0.05616444658,8.260153023500376,-1.5965951814772765,-2.879471345404612
TON,2010,3653.978017,29.15474137,0.183594876,0.05183594876,8.203571720773166,-1.2325526322159492,-2.959671378911657
TON,2020,4647.007651,24.57287292,0.033116813,0.05033116813,8.443978775522185,-1.4035270783296168,-2.9891307490453607
TSA,1990,543.3396365,26.74684553,2.167409738,0.07167409738,6.297734605985654,-1.3187536437118201,-2.635625860525344
TSA,2000,758.1331725,26.10661881,1.870105257,0.06870105257,6.630859059524796,-1.3429813095561576,-2.677990758619383
TSA,2010,1222.51823,39.18957169,1.36549214,0.0636549214,7.108668133303283,-0.9367595028998105,-2.7542786372505335
TSA,2020,1806.990454,29.34010169,0.970749727,0.05970749727,7.499418007789121,-1.2262149473624249,-2.8182976840563314
TSS,1990,1279.185818,22.94779783,2.784015806,0.07784015806,7.153979074841652,-1.47194820920535,-2.5530978105309097
TSS,2000,1197.832861,22.8785985,2.658310466,0.07658310466,7.088269253917226,-1.4749682757232492,-2.5693787923601485
TSS,2010,1542.532154,23.59070113,2.755888042,0.07755888042,7.341180600943156,-1.4443175715180248,-2.5567178837299225
TSS,2020,1529.248946,19.90166906,2.573415264,0.07573415264,7.332532008895692,-1.6143665854129254,-2.580526062551909
TTO,2000,10023.02067,16.78524918,0.384592208,0.05384592208,9.21263979327955,-1.7846697102686084,-2.921628605638104
TTO,2010,17938.09495,23.14211577,0.579036712,0.05579036712,9.794681939896183,-1.46351603495377,-2.8861540567555997
TTO,2020,15679.96115,20.51503752,0.200680476,0.05200680476,9.660138816222759,-1.5840120311899355,-2.9563807081930027
TUN,1990,2114.470345,27.06805847,2.098246765,0.07098246764999999,7.656559632222096,-1.3068158075051801,-2.6453223669412096
TUN,2000,2864.547037,25.89880884,1.122225591,0.06122225591,7.960165514380598,-1.3509732090737963,-2.7932444969115098
TUN,2010,3906.906259,25.8362687,1.076732866,0.060767328659999995,8.270501101677905,-1.353390917655195,-2.800702992004124
TUN,2020,3749.268415,12.68822891,0.830022186,0.05830022186,8.229316010598724,-2.06449547980185,-2.8421493801440803
TUR,1990,5188.182444,24.54926752,1.872084576,0.06872084576,8.55413871135617,-1.4044881684452175,-2.6777026940477624
TUR,2000,6326.257465,24.01131824,1.282976487,0.06282976487,8.752464102531544,-1.4266448734719999,-2.7673263548948315
TUR,2010,8472.578091,28.45207778,1.519430938,0.06519430938,9.044590120434894,-1.2569489953935804,-2.7303830933064552
TUR,2020,12338.64383,34.15405608,0.970386031,0.059703860309999995,9.420491391095746,-1.0742888345498065,-2.81835859886502
TZA,1990,541.5447998,17.98141985,2.605235484,0.07605235484,6.294425795798194,-1.7158311917643398,-2.5763332963906724
TZA,2000,555.3480835,17.46279682,2.841524325,0.07841524325,6.319595094630313,-1.7450974639832548,-2.5457369413155004
TZA,2010,801.2993164,32.01724431,2.544485226,0.07544485226,6.68623455566997,-1.1388955436470756,-2.58435332326617
TZA,2020,1041.259644,38.74648749,2.993051688,0.07993051688,6.948186455382939,-0.9481300797166345,-2.5265975607067923
UGA,1990,369.839287,12.70408004,3.234459967,0.08234459967,5.913068551817415,-2.063246981125325,-2.496842402286582
UGA,2000,509.1975532,19.48382172,3.144183603,0.08144183603,6.232836061487103,-1.635585720157511,-2.507866181861358
UGA,2010,768.6240917,27.10395535,2.943891335,0.07943891335,6.644602022552331,-1.305490514878128,-2.5327669382159166
UGA,2020,917.0350318,24.21595056,3.333417511,0.08333417511,6.8211456741439935,-1.4181586558961297,-2.484896548519018
UKR,2000,1409.222656,19.80377907,-0.8435153,0.041564847,7.250793523544772,-1.6192974043782469,-3.1805004929874556
UKR,2010,2285.933838,18.372368,-0.360396779,0.04639603221,7.734529901678703,-1.6943223892439847,-3.0705413361218654
UKR,2020,2324.107422,8.932299327,-0.61903773,0.0438096227,7.751091339795123,-2.4154963408162002,-3.127901789382413
UMC,1990,2402.947822,26.99059936,1.620899885,0.06620899885,7.784451521809504,-1.309681552461506,-2.714938890987373
UMC,2000,3401.758185,24.60831816,1.009217936,0.06009217936,8.132047690182572,-1.4020856636196997,-2.811875573029708
UMC,2010,5923.198518,33.89436743,0.798255018,0.057982550179999995,8.686631872176553,-1.0819213379139183,-2.8476131726683733
UMC,2020,8611.334391,35.73162602,0.536733852,0.05536733852,9.06083456694648,-1.029134006452011,-2.893765416486921
URY,1990,8320.355905,12.20085101,0.58630446,0.0558630446,9.026460309943612,-2.1036644817636088,-2.8848522158329652
URY,2000,11096.33096,14.4570209,0.373944816,0.053739448159999995,9.314369788514524,-1.9339900139963717,-2.923607944548669
URY,2010,14722.37801,19.40760548,0.256129913,0.05256129913,9.597123928827529,-1.639505161692925,-2.945775188026008
URY,2020,16443.3635,16.23367649,0.051852705,0.05051852705,9.70767724014141,-1.818082305776709,-2.985415137704774
USA,1990,39009.37251,21.52921345,1.12965052,0.0612965052,10.571557217008603,-1.5357594080241637,-2.792032449084434
USA,2000,48379.75517,23.6783759,1.112768997,0.061127689969999996,10.786836723588998,-1.4406079636284201,-2.7947903244662493
USA,2010,52555.76951,18.67222167,0.846129866,0.05846129866,10.869630161144363,-1.678133238727728,-2.839390305040131
USA,2020,59194.66652,21.71744607,0.408427567,0.05408427567,10.98858672424595,-1.5270542820900705,-2.917211788427393
UZB,2000,1269.721375,19.60001229,1.262812829,0.06262812829,7.146552765619403,-1.6296399927110001,-2.7705407680901737
UZB,2010,2144.640006,27.17819793,1.584336078,0.06584336078,7.670726987906563,-1.3027550807876271,-2.720476679262351
UZB,2020,3249.051911,37.59335803,1.868306716,0.06868306716,8.086118513073009,-0.9783427993346605,-2.6782525852429853
VEN,1990,3762.275068,9.889709866,2.440849387,0.07440849387000001,8.232779124678718,-2.31367537688085,-2.5981851787400543
VEN,2000,3740.01955,24.17039199,1.893794996,0.06893794996,8.226846117667643,-1.4200417733653197,-2.6745484549180945
VEN,2010,4332.026818,21.97165797,1.309342169,0.06309342169,8.373790798775772,-1.5154168372591355,-2.7631387670090626
VEN,2020,1255.372631,9.206482601,-1.721904777,0.03278095223,7.13518772462619,-2.385262319525164,-3.4179076569730564
VNM,2000,1212.196578,29.60991382,1.129509842,0.06129509842,7.100189346546693,-1.2170609543820354,-2.792055399759007
VNM,2010,2027.581844,37.09907617,1.144402597,0.061444025969999996,7.614599152129221,-0.9915781177629062,-2.789628665434042
VNM,2020,3303.169498,31.91568839,0.927434296,0.059274342960000004,8.102637740453199,-1.1420724980312535,-2.825578731697754
VUT,1990,2637.260848,31.16495523,2.509911004,0.07509911004,7.877496099929133,-1.1658759522757183,-2.5889465706151533
VUT,2000,2841.739094,19.91399802,2.298589779,0.07298589779,7.952171500783438,-1.6137472834497422,-2.617489037454495
VUT,2010,2856.773776,37.00689273,2.342886778,0.07342886778,7.957448216736567,-0.9940660006936943,-2.6114381266760325
VUT,2020,2771.870988,33.24247825,2.326611311,0.07326611311,7.927277818101181,-1.1013416625225025,-2.6136570810777844
WLD,1990,6783.205589,26.09361203,1.74350564,0.0674350564,8.822205069936853,-1.343479651423995,-2.6965902716527257
WLD,2000,7858.907966,24.46248653,1.364048959,0.06364048959,8.969402940147395,-1.4080294039047812,-2.7545053824246066
WLD,2010,9298.749873,24.56249764,1.216836916,0.06216836916,9.137635247847802,-1.403949392440041,-2.777908942989622
WLD,2020,10541.81185,26.43530077,0.981789958,0.05981789958,9.26310470959889,-1.3304699186464701,-2.8164503387337985
WSM,2010,4081.15536,14.64470838,0.785366135,0.05785366135,8.314135403781906,-1.9210911185048092,-2.849838536938982
WSM,2020,4283.063925,33.19050487,1.02627263,0.0602627263,8.362423902790004,-1.1029063488624111,-2.8090415040199446
XKX,2010,2822.633596,33.12848705,-0.331415174,0.046685848259999996,7.945425627410312,-1.104776637788181,-3.064314195349478
XKX,2020,3990.946131,33.40612753,0.070409906,0.05070409906,8.291783607337996,-1.0964308438499417,-2.981748522343464
YEM,2010,2356.199604,11.6610831,3.138563898,0.08138563898,7.764805262744778,-2.14891311915679,-2.5085564468455432
ZAF,1990,4544.230232,18.2312412,2.781380372,0.07781380372,8.421613626370966,-1.7020335140420062,-2.5534364378289296
ZAF,2000,4700.875555,15.06028109,0.914659168,0.05914659168,8.455504058646511,-1.893109299115892,-2.8277363118578305
ZAF,2010,5953.945065,17.5956446,1.18290957,0.0618290957,8.691809314962784,-1.7375187804778167,-2.7833812211048996
ZAF,2020,5569.584833,12.34554415,1.622164314,0.06622164314,8.625075793877656,-2.091874985588059,-2.7147479338214415
ZMB,2010,1183.417124,29.87400569,3.461922742,0.08461922742,7.076161400308597,-1.2081814586333823,-2.469593763724804
ZMB,2020,1228.735001,32.24485098,2.904164937,0.07904164937,7.113740464672733,-1.131811815028134,-2.5377803582248237
ZWE,1990,1653.565214,17.37694276,2.724715342,0.07724715341999999,7.410688971619921,-1.750025987262722,-2.56074521281526
ZWE,2000,1677.348968,13.56964106,0.917384655,0.05917384655,7.424969830813399,-1.9973351634859888,-2.827275615956264
ZWE,2010,1056.208846,18.76283953,1.61334322,0.0661334322,6.962441215545467,-1.6732918929897136,-2.7160808778409145
ZWE,2020,1230.819334,11.21392438,1.659352809,0.06659352808999999,7.115435351806798,-2.188013931665866,-2.709147881983496
