country,year,gdp_per_capita,investment_rate,population_growth
ABW,1990,24763.65381,,3.750561346
ABW,2000,28104.89544,25.49411358,1.030816853
ABW,2010,25429.2181,28.28317971,0.230041096
ABW,2020,22729.88976,23.94928059,-0.565684047
AFE,1990,1293.8702,,2.866548907
AFE,2000,1205.981054,18.98345725,2.59538934
AFE,2010,1449.48916,21.58556779,2.734525196
AFE,2020,1399.398498,19.69887327,2.699516097
AFG,1990,,,1.434588211
AFG,2000,308.3182697,,1.212175976
AFG,2010,542.8710305,,2.934686702
AFG,2020,527.8345545,11.5,3.153609203
AFW,1990,1260.279788,,2.661366151
AFW,2000,1188.037306,,2.751323928
AFW,2010,1677.952383,,2.786988936
AFW,2020,1719.261504,,2.389175704
AGO,1990,2675.052394,0.0,3.392403354
AGO,2000,2172.463267,,3.312287469
AGO,2010,3540.791596,29.76383279,3.851098249
AGO,2020,2864.16146,19.64395623,3.267958649
ALB,1990,1682.881087,30.36094681,1.799085593
ALB,2000,1991.914359,34.04013922,-0.637356834
ALB,2010,3579.824132,32.49262263,-0.496461963
ALB,2020,4980.616995,26.21834725,-1.543155893
AND,1990,31143.1615,,3.831232878
AND,2000,34113.8334,,-0.038053199
AND,2010,36277.28148,,-3.866965388
AND,2020,34536.66615,,1.177753549
ARB,1990,4290.848651,30.18149975,3.286266692
ARB,2000,4910.082592,19.82002026,2.415435275
ARB,2010,5948.129165,26.83529857,1.995151689
ARB,2020,5904.571242,24.25003307,2.102945229
ARE,1990,66481.61376,,5.878422879
ARE,2000,56939.27018,,6.735681701
ARE,2010,42328.85082,28.91930537,2.398012041
ARE,2020,39878.47443,22.82665626,-0.474850155
ARG,1990,8115.093864,13.99698158,1.491574629
ARG,2000,10631.65036,17.53348744,1.133128076
ARG,2010,13387.15537,17.70553381,1.056363322
ARG,2020,11393.0506,14.41515574,0.484665637
ARM,1990,1644.022145,47.14768436,3.117463214
ARM,2000,1229.215104,21.9223314,1.684784636
ARM,2010,2796.081434,38.81475499,-0.693856289
ARM,2020,4032.090435,19.66383294,-0.033760973
ASM,1990,,,3.156059007
ASM,2000,,,1.073368218
ASM,2010,12446.30863,,-0.541732698
ASM,2020,13194.27474,,-0.89627488
ATG,1990,13166.52412,,-0.409839882
ATG,2000,15961.09184,,1.677272827
ATG,2010,16135.39738,,1.353468886
ATG,2020,14950.89424,,0.526173366
AUS,1990,36975.4199,28.90354135,1.480046937
AUS,2000,45979.07657,26.20423805,1.144472851
AUS,2010,53768.34973,26.69769326,1.555706262
AUS,2020,58377.76705,22.34493008,1.233428251
AUT,1990,31167.1858,27.02913658,0.762001611
AUT,2000,38571.08588,25.94007871,0.240466652
AUT,2010,43035.40735,22.85928124,0.2403943
AUT,2020,43428.69831,25.65307375,0.415176732
AZE,1990,2866.410607,26.53478854,1.384413502
AZE,2000,1504.731067,20.67357623,0.821519964
AZE,2010,5300.110487,18.05957848,1.189787708
AZE,2020,5087.500228,23.66595433,0.684365325
BDI,1990,373.2452417,,2.086132695
BDI,2000,264.1544072,,2.077616304
BDI,2010,253.3085777,,4.681010573
BDI,2020,263.4638764,,2.908653025
BEL,1990,29609.62075,24.34637344,0.298235706
BEL,2000,35878.31536,23.7829613,0.242517956
BEL,2010,39991.56462,22.39427446,0.913639392
BEL,2020,40769.02181,24.06856785,0.430996815
BEN,1990,749.4596666,14.06035642,3.072815262
BEN,2000,861.213292,16.00840245,3.076652652
BEN,2010,928.2466553,15.60808921,2.984241628
BEN,2020,1126.654041,25.63384351,2.662598752
BFA,1990,332.1532767,18.91339663,2.634820616
BFA,2000,428.3097966,14.57069906,2.984144224
BFA,2010,561.8472213,21.990434,2.925779475
BFA,2020,713.8421779,17.16151743,2.435229593
BGD,1990,473.444821,16.45867552,1.990333689
BGD,2000,620.5604728,23.80856257,1.827328067
BGD,2010,943.6642286,26.24665618,0.876530534
BGD,2020,1604.665923,31.30794134,0.836310836
BGR,1990,4425.499683,25.58877829,-1.803750479
BGR,2000,3717.928899,19.04614349,-0.493896417
BGR,2010,6428.717426,22.51796856,-0.658275447
BGR,2020,8440.083047,20.1519208,-1.002938214
BHR,1990,18345.838,14.44942756,3.452489077
BHR,2000,25407.96941,16.57505906,2.63695278
BHR,2010,22224.07362,28.598356,4.165859919
BHR,2020,23586.93096,37.29566715,-0.781611308
BHS,1990,30995.48307,29.41471889,1.742613867
BHS,2000,32424.72718,30.18521706,1.312010913
BHS,2010,30657.43191,27.98600601,1.278417166
BHS,2020,24791.67049,23.07105913,0.300555038
BIH,1990,791.4439704,,0.330285176
BIH,2000,2567.34137,30.30638485,0.710877056
BIH,2010,3981.209857,21.91466859,-1.776659321
BIH,2020,5490.753666,23.46769978,-1.39008469
BLR,1990,2888.812966,26.55889145,0.190065083
BLR,2000,2615.363768,25.39867306,-0.471131335
BLR,2010,5616.094117,40.65636626,-0.218522756
BLR,2020,6251.98899,27.45483593,-0.42347525
BLZ,1990,4112.595175,22.05142705,2.191797456
BLZ,2000,5663.646324,26.20335792,3.267092021
BLZ,2010,5937.753983,15.45117166,2.41171252
BLZ,2020,5006.484533,18.44343234,1.283235981
BMU,1990,89089.73464,,0.749864005
BMU,2000,109502.7631,,0.694526489
BMU,2010,118382.909,13.04302674,0.251394586
BMU,2020,98999.50766,12.23790408,0.42805286
BOL,1990,1679.408479,12.53193671,2.102925671
BOL,2000,2014.190247,18.14347869,1.717127233
BOL,2010,2481.407009,17.00701846,1.644406818
BOL,2020,2765.092718,17.26834592,1.233964427
BRA,1990,6149.867182,20.1677066,1.786135751
BRA,2000,6817.783456,18.90311927,1.375211283
BRA,2010,8792.63335,21.80132156,0.840883225
BRA,2020,8435.010462,16.1158206,0.57935071
BRB,1990,19382.86872,,0.183088202
BRB,2000,21523.39922,,-0.173090897
BRB,2010,21982.1839,,0.407743308
BRB,2020,17519.83706,,0.174452216
BRN,1990,44179.82787,10.8883468,2.872121068
BRN,2000,37509.59838,18.73747044,2.171847504
BRN,2010,33121.31782,23.69025753,1.898976893
BRN,2020,30015.95885,40.58783027,1.061482816
BTN,1990,812.6713256,27.8570302,2.700544979
BTN,2000,1259.623765,54.04204741,2.422280776
BTN,2010,2378.728108,62.93345252,1.095438076
BTN,2020,3092.124284,39.07057236,0.675256503
BWA,1990,4039.465445,37.36697697,2.75036067
BWA,2000,5062.642892,29.55108039,2.132106063
BWA,2010,5584.503432,34.70210913,2.109435975
BWA,2020,6254.248062,32.72725984,1.439410358
CAF,1990,519.786736,12.70805981,3.10993471
CAF,2000,437.1689284,11.07229594,2.749554199
CAF,2010,519.1414564,16.8437813,-0.799202484
CAF,2020,398.8342741,26.0,1.643247897
CAN,1990,31700.54626,21.30421092,1.507660673
CAN,2000,37906.86013,20.61446771,0.931281553
CAN,2010,41164.33991,23.4820047,1.11135203
CAN,2020,42366.12854,22.67471761,1.084368971
CEB,1990,6751.231056,,-0.052821831
CEB,2000,7450.860823,25.55189886,-0.56377369
CEB,2010,10998.65348,22.99178053,-0.362321893
CEB,2020,14621.13637,21.89668892,-0.638677454
CHE,1990,70063.85171,34.91963409,1.026873072
CHE,2000,73749.93895,27.23419109,0.561954617
CHE,2010,81315.42283,25.8955592,1.041558058
CHE,2020,84637.01329,29.57874984,0.730676195
CHI,1990,,,1.114605268
CHI,2000,,,0.376103046
CHI,2010,64722.9833,,0.702241191
CHI,2020,58636.70361,,0.359172843
CHL,1990,5290.536948,25.72326538,1.667226756
CHL,2000,8465.353033,23.75075555,1.196019259
CHL,2010,11649.28971,24.77546766,1.004553624
CHL,2020,12679.024,21.0582071,0.896491954
CHN,1990,917.2706618,34.09149854,1.467303211
CHN,2000,2237.442985,33.63268271,0.787956593
CHN,2010,5764.86535,46.10234433,0.482959689
CHN,2020,10573.64201,42.57237351,0.23804087
CIV,1990,1866.07857,6.688803339,3.932048697
CIV,2000,1717.953857,15.89240727,2.76729584
CIV,2010,1540.529273,21.68105453,2.203591142
CIV,2020,2055.08484,21.74289341,2.530198035
CMR,1990,1360.477653,17.81197837,2.946999875
CMR,2000,1151.276893,17.19233057,2.632763072
CMR,2010,1290.901375,18.22844404,2.857661467
CMR,2020,1434.519137,17.66054398,2.724486348
COD,1990,831.6629474,,3.317975387
COD,2000,339.5268222,14.43349633,3.207807483
COD,2010,400.619568,24.0289276,3.187515928
COD,2020,470.85295,21.84882574,3.220980492
COG,1990,2363.767018,15.90551181,2.854915483
COG,2000,2057.01922,22.6259542,3.831866102
COG,2010,2332.285081,47.19017067,4.142430505
COG,2020,1725.5104,23.73156703,2.394776912
COL,1990,3714.184993,20.60673055,2.067428821
COL,2000,4016.809517,14.89562703,1.63798275
COL,2010,5214.245476,21.88876227,1.135968364
COL,2020,5891.955232,19.12814694,1.436321673
COM,1990,1253.761963,18.04228002,2.619042964
COM,2000,1150.828401,18.04229519,1.919894445
COM,2010,1272.606507,18.1749509,1.987907684
COM,2020,1359.706247,11.80176252,1.961993798
CPV,1990,835.1207232,,2.051923973
CPV,2000,2037.317209,,1.51097074
CPV,2010,3194.616677,44.95680604,0.717182
CPV,2020,3255.93629,28.96192366,0.111782574
CRI,1990,6037.051117,27.3228218,2.526404199
CRI,2000,7726.519857,20.6866903,1.939536481
CRI,2010,10285.08567,19.83391852,1.240575365
CRI,2020,12242.20989,16.16305467,0.692995399
CSS,1990,8229.175922,,0.563562782
CSS,2000,10510.86943,,0.786660536
CSS,2010,13743.40739,,0.635465035
CSS,2020,12531.50184,,0.363226824
CUB,1990,4961.457389,24.80249224,0.93131601
CUB,2000,4112.261684,12.50335347,0.332523063
CUB,2010,6716.490485,10.07337396,0.023813605
CUB,2020,7252.288112,9.874990685,-0.236755669
CUW,1990,,,-1.051535839
CUW,2000,21523.64585,,-4.075386132
CUW,2010,20706.43741,,1.265514155
CUW,2020,14849.96969,,-1.252081562
CYM,1990,,,4.423499451
CYM,2000,,,3.566400697
CYM,2010,79483.0964,,2.775743487
CYM,2020,75199.64462,,1.995493055
CYP,1990,17144.46875,27.04542752,1.396267729
CYP,2000,22383.96484,20.4291578,1.749258639
CYP,2010,26090.04883,23.68672688,1.648983116
CYP,2020,26895.68359,20.64475612,1.203297126
CZE,1990,11900.58446,24.3277286,-0.267830773
CZE,2000,12543.93643,31.83502104,-0.280414108
CZE,2010,16665.93178,26.73128765,0.291361674
CZE,2020,19233.14695,24.73020518,0.243222682
DEU,1990,29763.31247,25.2643366,0.861969449
DEU,2000,35104.13085,23.96396608,0.1354316
DEU,2010,38526.7371,19.53106001,-0.153198447
DEU,2020,42372.87268,21.72903046,0.081693159
DJI,1990,,,10.19712243
DJI,2000,,,3.139834532
DJI,2010,,,2.033322702
DJI,2020,2773.406618,-0.248727785,1.502286563
DMA,1990,5536.879017,,-0.752614799
DMA,2000,6879.597373,,-0.522635324
DMA,2010,8574.273087,,-0.007260951
DMA,2020,7302.94455,,-0.453294539
DNK,1990,39306.79392,20.79264714,0.16245632
DNK,2000,49266.98828,22.29440618,0.334233619
DNK,2010,51209.44928,17.82215511,0.444197155
DNK,2020,55934.55559,22.76265326,0.291641177
DOM,1990,2772.770656,23.34965915,2.103746787
DOM,2000,4123.105732,27.8926622,1.620455604
DOM,2010,5666.456334,26.07142183,1.280132098
DOM,2020,7395.873426,24.87951592,1.043340765
DZA,1990,3605.687012,28.58942067,2.478967332
DZA,2000,3553.324205,23.5639069,1.399668558
DZA,2010,4456.610274,43.28682748,1.947058832
DZA,2020,4363.685338,42.94935768,1.711912165
EAP,1990,1072.202345,33.78898696,1.614591358
EAP,2000,2132.390994,30.3229184,0.99884543
EAP,2010,4797.248219,42.23904274,0.741733055
EAP,2020,8293.69667,40.23782125,0.452341336
EAR,1990,1833.026416,22.96566959,2.45496858
EAR,2000,2158.873377,21.97486991,1.879624154
EAR,2010,2766.882817,28.63298736,1.546758454
EAR,2020,3290.19469,25.76696799,1.215716141
EAS,1990,3713.304497,34.51450109,1.504262677
EAS,2000,5056.473385,29.03997205,0.942759366
EAS,2010,7855.362346,32.82068976,0.700770611
EAS,2020,11276.0537,34.9860394,0.408472469
ECA,1990,3553.123864,25.3385481,1.198074259
ECA,2000,3231.417038,22.87687504,0.415829789
ECA,2010,5123.225272,26.72523301,0.809647378
ECA,2020,7016.362912,29.01373063,0.711353855
ECS,1990,15930.54883,25.4210771,0.522930719
ECS,2000,18477.52854,22.60755864,0.125518588
ECS,2010,21465.35163,21.13154033,0.365344249
ECS,2020,23034.13547,22.60145017,0.187722981
ECU,1990,3919.717581,20.15203808,2.238231257
ECU,2000,3953.398797,17.16695041,1.736220015
ECU,2010,5022.203744,23.49001587,1.677088053
ECU,2020,5355.689342,17.58491297,1.181252582
EGY,1990,1972.137893,28.91440585,2.929609448
EGY,2000,2458.60835,19.55307263,2.160919785
EGY,2010,3233.845212,19.50107741,1.917951241
EGY,2020,3770.869479,18.81806066,1.62495387
EMU,1990,25547.45502,24.79838112,0.460721739
EMU,2000,30853.13851,23.40599427,0.309783223
EMU,2010,33252.36899,20.76405619,0.254268113
EMU,2020,34608.46148,22.0368118,0.141183349
ERI,1990,,,2.274864166
ERI,2000,845.1324301,21.99675676,1.536014572
ERI,2010,703.8773744,12.38540149,1.964757271
ERI,2020,,,1.564060781
ESP,1990,19174.77083,26.83668218,0.101828843
ESP,2000,24106.88185,26.67237005,0.447137015
ESP,2010,25766.25158,22.39884138,0.460408305
ESP,2020,25077.01988,20.62664827,0.51001019
EST,1990,9341.225615,,0.066490191
EST,2000,10006.76963,28.47610321,0.483707162
EST,2010,14657.93981,21.58767817,-0.228057969
EST,2020,19946.9457,29.65386877,0.197559185
ETH,1990,267.0781345,0.0,3.701514173
ETH,2000,247.5054137,0.0,3.068233025
ETH,2010,421.8986224,0.0,2.83517458
ETH,2020,768.7054245,30.57896866,2.710772848
EUU,1990,21731.25302,25.03254695,0.338877065
EUU,2000,26365.79868,23.44526668,0.119607067
EUU,2010,29352.94425,20.92876178,0.15840531
EUU,2020,31435.03535,22.13982302,-0.008837508
FCS,1990,1487.851717,,2.679865922
FCS,2000,1295.212124,,2.282655961
FCS,2010,1676.974814,,2.476270672
FCS,2020,1435.462067,,2.22230381
FIN,1990,31291.52226,30.13719713,0.443382074
FIN,2000,37872.60203,23.87415131,0.207606515
FIN,2010,43556.53858,22.607323,0.457494535
FIN,2020,44690.98011,24.98360739,0.143641197
FJI,1990,3414.950532,,0.908661994
FJI,2000,3960.889032,,1.085776092
FJI,2010,4272.359151,,0.349901163
FJI,2020,4721.122819,,0.006995063
FRA,1990,27992.97515,24.41667174,0.547228307
FRA,2000,33255.13796,21.85787707,0.68633572
FRA,2010,35578.1968,21.3378695,0.492976371
FRA,2020,35709.20459,22.80441821,0.324557781
FRO,1990,,,-0.455600696
FRO,2000,,30.81756631,1.337753723
FRO,2010,42333.52157,19.52082475,-0.275018645
FRO,2020,54301.65941,28.25827972,1.481480184
FSM,1990,2384.944582,,1.886083795
FSM,2000,2724.422456,,0.325401228
FSM,2010,2884.917336,,-0.387012831
FSM,2020,2951.771143,,0.573243642
GAB,1990,8354.26309,21.67715661,2.740795362
GAB,2000,7596.099707,21.90205643,2.585402093
GAB,2010,6481.496121,29.70111381,3.449942679
GAB,2020,6534.279665,19.86346911,2.389223598
GBR,1990,30071.20856,23.55588795,0.298930554
GBR,2000,39297.13663,18.94693775,0.357300887
GBR,2010,42762.72084,16.61811604,0.783888647
GBR,2020,42982.4631,18.28071464,0.169447088
GEO,1990,3534.032277,30.73633569,-0.027068389
GEO,2000,1561.198676,26.58131588,-1.944629157
GEO,2010,3090.065137,20.9291494,-0.729475257
GEO,2020,4659.609253,24.6056866,0.068656249
GHA,1990,855.8525071,14.44399729,2.551561856
GHA,2000,1022.275207,23.9986005,2.51243584
GHA,2010,1381.22795,13.10019371,2.43301424
GHA,2020,1970.194115,18.22366699,1.991819851
GIB,1990,,,-1.256775273
GIB,2000,,,0.061370735
GIB,2010,,,1.369420959
GIB,2020,,,1.894931608
GIN,1990,548.3715348,13.79042955,3.455834862
GIN,2000,614.1372351,14.04097891,1.961359643
GIN,2010,675.7369173,20.32540116,2.4592931
GIN,2020,945.5709034,31.516401,2.551399536
GMB,1990,658.7111653,22.34319427,4.195958031
GMB,2000,659.9112376,4.562497397,2.738372127
GMB,2010,701.0145246,13.87671053,2.9073793
GMB,2020,670.7586429,32.34205469,2.368661292
GNB,1990,569.1696704,29.92581868,1.644390697
GNB,2000,571.0940152,20.06075191,2.007063844
GNB,2010,625.9040273,19.49361491,2.584920321
GNB,2020,710.2751291,25.65211523,2.288950008
GNQ,1990,366.3144047,,3.752204243
GNQ,2000,3839.086427,,5.26428496
GNQ,2010,10984.32439,38.05629949,4.595867705
GNQ,2020,5575.262415,6.988464059,2.733908232
GRC,1990,15438.7937,25.43398408,1.057808012
GRC,2000,18002.90646,26.11321035,0.409041838
GRC,2010,21547.72418,18.21575876,0.128880433
GRC,2020,17486.95133,13.54100231,-0.214592107
GRD,1990,5102.69173,,0.839876746
GRD,2000,6677.126523,,0.676075748
GRD,2010,7670.711658,,0.297971859
GRD,2020,8413.283355,,0.309914935
GRL,1990,26805.5497,,0.541029273
GRL,2000,31623.05915,,0.151400483
GRL,2010,43481.51611,52.35331723,0.37392496
GRL,2020,48169.9407,33.01521808,0.252238303
GTM,1990,2741.538134,13.60261471,2.800436191
GTM,2000,3165.932375,17.83538743,2.37572059
GTM,2010,3546.625816,14.16419369,1.981564659
GTM,2020,4005.839116,13.50068237,1.471377105
GUM,1990,,,2.04883829
GUM,2000,,,1.115750658
GUM,2010,32644.14841,,0.209801847
GUM,2020,32884.88526,,0.216072141
GUY,1990,2377.217954,31.13309854,-0.660706211
GUY,2000,3759.607897,23.77598249,0.04564135
GUY,2010,4860.09111,,-0.378060197
GUY,2020,9010.610005,,-0.022784318
HIC,1990,24715.01397,25.9449919,0.629927284
HIC,2000,30158.07008,24.34886959,0.505295214
HIC,2010,34192.51466,21.15695698,0.445325901
HIC,2020,37538.25237,22.66552932,0.266061997
HKG,1990,21357.26195,27.17052478,0.321315033
HKG,2000,26933.23775,27.58240928,0.881594076
HKG,2010,38090.0214,23.89046642,0.734446396
HKG,2020,41451.29811,18.98188686,-0.358932662
HND,1990,457.9810401,20.81452973,2.82334775
HND,2000,1789.477985,28.28843121,2.73259067
HND,2010,2108.473145,21.87984069,2.12597244
HND,2020,2189.431687,19.66637273,1.754564325
HPC,1990,695.2486353,15.0654262,2.688042878
HPC,2000,679.1802412,20.1502241,2.714489522
HPC,2010,829.3781453,23.36190737,2.771111882
HPC,2020,946.6808067,24.41263233,2.761998161
HRV,1990,9754.649025,,0.211805086
HRV,2000,8880.269807,19.32107219,-0.986434859
HRV,2010,11965.00493,20.36706196,-0.226821271
HRV,2020,13545.48812,23.54436627,-0.894863744
HTI,1990,1627.312645,19.92006691,2.059314269
HTI,2000,1342.894905,8.322396005,1.84581483
HTI,2010,1317.583893,24.98821766,1.166726714
HTI,2020,1331.697785,17.70308378,1.241099932
HUN,1990,8646.447544,,-1.033117297
HUN,2000,8979.735786,28.1973909,-0.259764908
HUN,2010,11287.36867,21.18927912,-0.226013876
HUN,2020,14664.29712,27.46449407,-0.252049643
IBD,1990,2199.53015,27.25376712,1.744778863
IBD,2000,2749.808317,24.17547469,1.232836028
IBD,2010,4532.440687,32.41779094,1.026852784
IBD,2020,6286.407756,33.18898004,0.683339753
IBT,1990,1931.413583,26.60774648,1.922201457
IBT,2000,2339.751014,24.00917674,1.498009549
IBT,2010,3719.859754,31.89923968,1.347405436
IBT,2020,4971.587221,32.68456905,1.089756754
IDA,1990,874.9611827,20.98112394,2.625842264
IDA,2000,899.6142831,23.37025052,2.435582632
IDA,2010,1216.180562,22.21442684,2.341602947
IDA,2020,1384.639834,25.5623645,2.206972277
IDB,1990,1349.039187,,3.036933146
IDB,2000,1294.786352,,2.599043784
IDB,2010,1720.093349,,2.552233335
IDB,2020,1918.379847,,2.003035668
IDN,1990,1470.918223,32.70769009,1.814426049
IDN,2000,1828.10266,22.24569693,1.432440078
IDN,2010,2670.81291,32.88012145,1.260541401
IDN,2020,3739.449066,32.34341205,0.849801187
IDX,1990,625.2545438,16.28479384,2.411689925
IDX,2000,688.7705846,21.93666609,2.348544459
IDX,2010,941.1701033,22.5553137,2.226826548
IDX,2020,1096.831734,27.96589467,2.317113656
IMN,1990,28042.44412,,1.647368023
IMN,2000,46274.97097,,1.155221589
IMN,2010,70747.84176,,1.119835216
IMN,2020,86595.06761,,0.127365049
IND,1990,537.8702695,27.3361977,2.213130886
IND,2000,756.7041095,25.67731668,1.879398262
IND,2010,1235.159391,39.78562418,1.454603619
IND,2020,1806.501106,28.92238401,0.973438647
IRL,1990,23456.99936,21.52711669,0.084413021
IRL,2000,42599.48039,24.50795076,1.333042666
IRL,2010,46991.64647,17.29135638,0.544884384
IRL,2020,80927.93648,42.59120417,1.26378913
IRN,1990,3222.201027,33.02184263,2.911406766
IRN,2000,3885.301834,35.10053349,1.476195633
IRN,2010,5249.061334,40.26244925,1.251673922
IRN,2020,5132.824308,47.92093406,0.768757498
IRQ,1990,3526.579251,44.32031327,1.240017963
IRQ,2000,4172.780251,29.1473475,3.277527852
IRQ,2010,3881.94327,15.86786539,3.231385218
IRQ,2020,4213.998438,22.346859,2.219386695
ISL,1990,37302.80603,20.41113844,0.777662199
ISL,2000,43472.33699,24.61946677,1.369192833
ISL,2010,49528.48646,13.83377144,-0.143903
ISL,2020,52464.30729,21.04634009,1.623086251
ISR,1990,22395.11188,22.40761596,3.094603009
ISR,2000,29413.48946,25.70541357,2.642331913
ISR,2010,33344.72133,21.53835088,1.82675241
ISR,2020,37935.54327,24.68981613,1.763679392
ITA,1990,27625.17923,23.16199035,0.083708573
ITA,2000,32609.66746,21.3236101,0.045303631
ITA,2010,31928.55436,20.79697161,0.442226157
ITA,2020,29469.79892,17.89868683,-0.487095092
JAM,1990,4773.628482,,0.757565161
JAM,2000,5197.396922,,0.693820205
JAM,2010,5271.572215,,0.421944554
JAM,2020,5317.84145,,0.264166648
JOR,1990,3202.33686,30.79569737,7.815196245
JOR,2000,3412.076732,22.36151166,2.072604791
JOR,2010,4621.574285,35.03763119,2.151093317
JOR,2020,3806.879494,21.45854138,1.795432282
JPN,1990,28422.21312,35.45157969,0.331782885
JPN,2000,31430.63113,28.41743932,0.167275578
JPN,2010,32942.20208,22.59030413,0.017960542
JPN,2020,34642.97187,25.22401723,-0.294194618
KAZ,1990,5557.082157,,0.919690778
KAZ,2000,4269.330168,18.13904803,0.292205742
KAZ,2010,8704.706555,25.37354902,1.29700375
KAZ,2020,10565.03598,28.80691536,1.408915638
KEN,1990,1329.333128,24.1640929,3.440456354
KEN,2000,1195.412969,17.41409062,3.012939945
KEN,2010,1340.164674,21.2639988,2.901588455
KEN,2020,1609.334141,19.65158417,1.961976337
KGZ,1990,1203.472083,24.06542056,1.925304701
KGZ,2000,718.3428324,20.01003707,1.189895651
KGZ,2010,962.7647898,27.4015936,1.426166292
KGZ,2020,1093.328565,25.0304914,2.048385454
KHM,1990,824.0516558,,4.17106847
KHM,2000,598.5619153,20.34425094,1.59016993
KHM,2010,1155.852369,22.31749004,1.556217454
KHM,2020,1908.634275,31.35122754,1.470629886
KIR,1990,1387.652921,,2.30817939
KIR,2000,1555.581904,,1.692322693
KIR,2010,1328.787641,15.91629804,2.0793514
KIR,2020,1777.044761,14.69779904,1.742304693
KNA,1990,10136.98655,,-0.803058879
KNA,2000,14039.02811,,1.440218997
KNA,2010,17688.06901,,-0.149314249
KNA,2020,18918.82635,,-0.174799132
KOR,1990,9672.578452,40.15294665,0.985130494
KOR,2000,17763.13534,33.01758713,0.836180864
KOR,2010,26623.04871,32.7792422,0.498225084
KOR,2020,33215.92989,31.52486572,0.137869266
KWT,1990,20140.78347,17.62511305,-27.47078648
KWT,2000,31341.97808,10.66523772,2.837165773
KWT,2010,32568.49818,17.65847417,5.155060491
KWT,2020,25541.5379,18.65064875,-0.951064117
LAC,1990,5718.669578,20.00418935,1.886207286
LAC,2000,6581.311178,19.74917081,1.464409255
LAC,2010,7849.055466,21.69380743,1.09312878
LAC,2020,7669.339773,17.49322296,0.830265805
LAO,1990,634.525297,,2.845823241
LAO,2000,917.2280386,13.41565796,1.678985478
LAO,2010,1564.910683,27.46248774,1.471928721
LAO,2020,2529.746227,,1.493386752
LBN,1990,2752.724423,31.31269096,1.963138465
LBN,2000,5958.978368,20.41122214,1.725524567
LBN,2010,8955.543362,24.93725851,0.976748359
LBN,2020,6440.828431,8.098177366,-1.603862582
LBR,1990,754.1340095,,-12.42509051
LBR,2000,754.8509174,,3.702568448
LBR,2010,621.7832951,,2.896058116
LBR,2020,605.0254754,,2.074833406
LBY,1990,11085.94399,18.61576054,2.328670286
LBY,2000,10853.80595,11.84062851,1.653226142
LBY,2010,12913.93349,19.80079923,2.039057706
LBY,2020,6102.79864,9.449830477,1.348449803
LCA,1990,8418.43122,,0.980439316
LCA,2000,9198.938944,,1.214027431
LCA,2010,10191.31468,,0.6086146
LCA,2020,8379.274951,,0.330981924
LCN,1990,5779.974096,19.57194145,1.884386268
LCN,2000,6742.026937,20.09473141,1.460066858
LCN,2010,8060.797047,21.68345039,1.088737947
LCN,2020,7812.425444,17.51683727,0.705164689
LDC,1990,609.2988619,,2.474567235
LDC,2000,638.3944983,22.29721004,2.405857227
LDC,2010,904.747247,24.88516313,2.325427133
LDC,2020,1037.481197,27.86191791,2.392906857
LIC,1990,667.1720515,,2.399893938
LIC,2000,682.3277068,15.1323472,2.619409688
LIC,2010,853.9919034,17.28880301,2.818816995
LIC,2020,691.9918786,19.12976453,2.833356905
LIE,1990,,,1.489713664
LIE,2000,,,1.307329075
LIE,2010,,,0.780339504
LIE,2020,,,0.872668969
LKA,1990,1388.589518,22.20588967,0.63741176
LKA,2000,1956.933104,28.03927368,1.821928939
LKA,2010,2993.014115,,0.589181271
LKA,2020,4227.233153,32.87112315,0.53062656
LMC,1990,845.6390105,27.10046775,2.514121946
LMC,2000,1026.703806,24.29624332,2.021844706
LMC,2010,1531.266107,32.57891863,1.719184624
LMC,2020,2021.055034,26.40198923,1.349230407
LMY,1990,1637.90976,26.32213946,2.044660093
LMY,2000,2169.245802,24.29643409,1.562846517
LMY,2010,3513.142552,33.32135531,1.375614248
LMY,2020,4809.848964,33.73854573,1.120475077
LSO,1990,533.8249642,,1.91128488
LSO,2000,725.2636687,,0.033889448
LSO,2010,995.2334325,31.30119004,0.772821659
LSO,2020,944.8341284,26.26467012,1.18432063
LTE,1990,2569.811546,27.70143863,1.351592184
LTE,2000,3466.013106,25.3460727,0.783673441
LTE,2010,6525.606949,33.59224949,0.562341467
LTE,2020,9878.286263,35.88017781,0.314567007
LTU,1990,8333.350707,,0.36799903
LTU,2000,6384.308654,19.14462233,-0.70338544
LTU,2010,10884.11619,17.85780102,-2.09694342
LTU,2020,17443.65526,16.51982279,-0.02561613
LUX,1990,66027.07501,24.71269471,1.251745707
LUX,2000,92527.71087,22.5591443,1.344082996
LUX,2010,106544.0574,18.08319349,1.825405804
LUX,2020,105274.2472,17.92949005,1.666358674
LVA,1990,7622.698259,,-0.142736398
LVA,2000,6336.382967,24.96316416,-0.963935407
LVA,2010,10500.86662,20.93133946,-2.08130509
LVA,2020,14900.72957,22.15542592,-0.701211571
MAC,1990,31378.83042,22.81105991,2.984843964
MAC,2000,31772.63025,10.37945813,0.745924205
MAC,2010,74195.05778,13.24552244,0.373134761
MAC,2020,33853.77616,26.16852508,1.974426892
MAF,1990,,,6.48031064
MAF,2000,,,2.402274765
MAF,2010,,,0.965137403
MAF,2020,,,-7.515685066
MAR,1990,1695.636475,31.06029454,1.805439979
MAR,2000,1957.141357,23.8068463,1.403926301
MAR,2010,2767.042236,31.49071664,1.352742862
MAR,2020,3090.894287,28.77697342,1.025654864
MCO,1990,105878.3728,,0.906660524
MCO,2000,120456.5063,,0.138749733
MCO,2010,141814.7866,,2.438810268
MCO,2020,161262.9259,,-0.15493904
MDA,1990,3740.101498,,0.264729975
MDA,2000,1346.915672,23.94695909,-0.203371722
MDA,2010,2269.511161,23.85178659,-0.099832974
MDA,2020,3188.916916,23.86444435,-1.098031659
MDG,1990,538.5362751,35.96231421,2.95165872
MDG,2000,465.5295098,11.93054641,3.172972608
MDG,2010,447.417143,27.02738973,2.909196621
MDG,2020,422.9242554,17.71532511,2.567788704
MDV,1990,4582.261279,,3.174955944
MDV,2000,7037.085461,,1.647067878
MDV,2010,8569.524946,,3.53092174
MDV,2020,7295.60221,35.5119966,2.907112747
MEA,1990,3503.009385,29.65514032,3.330423832
MEA,2000,4004.848871,21.86787967,2.33477473
MEA,2010,4846.873509,27.99411493,2.053524513
MEA,2020,5033.142085,25.48633491,1.826565049
MEX,1990,8036.861144,23.27060354,1.917549323
MEX,2000,9581.969702,22.26492461,1.542725282
MEX,2010,9389.067221,23.33148941,1.439744726
MEX,2020,9234.643623,20.23665935,0.820454118
MHL,1990,3148.099778,,2.364787406
MHL,2000,3040.596774,,0.998938025
MHL,2010,3441.318884,42.52520174,0.048047818
MHL,2020,5172.575282,20.6942928,-3.000928659
MIC,1990,1702.283378,26.83300559,2.021794285
MIC,2000,2277.271788,24.486079,1.487372725
MIC,2010,3737.173692,33.6034186,1.255573624
MIC,2020,5211.081104,33.87663673,0.955116866
MKD,1990,3534.322651,17.76315789,0.39035448
MKD,2000,3283.379341,21.88010264,0.455448702
MKD,2010,4582.365175,24.46809484,-0.639374483
MKD,2020,5743.726494,29.91737389,-1.07910572
MLI,1990,589.7754059,21.50569791,1.968205711
MLI,2000,682.4974205,17.6850224,2.913088742
MLI,2010,821.1812866,23.0142231,3.248514009
MLI,2020,872.3894268,20.65173653,3.017513615
MLT,1990,10067.75201,30.62667752,0.978313699
MLT,2000,17178.37738,27.3213667,0.645267231
MLT,2010,20750.64795,21.86439202,0.491182811
MLT,2020,27861.82028,20.11690203,2.271625497
MMR,1990,170.2334367,,1.525067515
MMR,2000,298.5904645,,1.11707426
MMR,2010,854.932478,,0.745099608
MMR,2020,1301.313864,,0.711376906
MNA,1990,2055.403151,33.18347829,3.435210125
MNA,2000,2321.529046,22.77963341,2.224899131
MNA,2010,2855.299131,28.2952605,2.163497567
MNA,2020,2829.047126,25.81616451,1.753989334
MNE,1990,,,-0.032812754
MNE,2000,4391.36966,22.38840423,-0.027974019
MNE,2010,5917.917887,22.27012401,0.183239906
MNE,2020,6351.954863,30.08751728,-0.026010438
MNG,1990,1823.456238,29.06732538,-1.206532913
MNG,2000,1598.31282,29.01074048,1.327111441
MNG,2010,2611.673266,42.08695429,1.749926831
MNG,2020,4066.034109,22.38359766,1.805420087
MNP,1990,,,4.818700524
MNP,2000,,,3.634813864
MNP,2010,16293.30595,,-2.255707252
MNP,2020,15410.11869,,-1.256589498
MOZ,1990,221.0489811,,1.443756197
MOZ,2000,287.3906303,41.13066992,2.203665172
MOZ,2010,494.1628591,23.19552126,2.676859035
MOZ,2020,591.80406,44.82667647,2.964900343
MRT,1990,1437.750482,13.95127958,2.533517471
MRT,2000,1304.644391,11.29580089,2.783538221
MRT,2010,1460.191797,32.25108313,3.191594036
MRT,2020,1553.306156,38.65932317,2.92092559
MUS,1990,3859.644415,29.80909287,0.712313471
MUS,2000,5744.198302,25.63662289,0.982676166
MUS,2010,8114.82056,26.7282316,0.237886693
MUS,2020,9483.676026,17.96607711,0.00229068
MWI,1990,353.7713037,,3.949135946
MWI,2000,418.592985,,2.398085276
MWI,2010,508.0886506,,2.947796087
MWI,2020,559.4470861,16.71063514,2.635737351
MYS,1990,4184.760729,32.36032616,2.948725779
MYS,2000,6455.614198,26.86748915,2.344802412
MYS,2010,8118.922705,23.3865411,1.870406127
MYS,2020,10171.46578,19.65800823,1.333633231
NAC,1990,38290.0953,21.50937929,1.167245669
NAC,2000,47364.74567,23.46978716,1.09487429
NAC,2010,51440.08048,19.13655025,0.872248323
NAC,2020,57470.41952,21.78432315,0.477755737
NAM,1990,2857.337775,27.05753653,6.047624529
NAM,2000,3083.596579,17.04146597,2.352198772
NAM,2010,4165.129902,23.77999896,1.548414643
NAM,2020,3787.49944,13.92920342,2.910198877
NCL,1990,,31.3999986,2.540848626
NCL,2000,,22.93979677,2.070156011
NCL,2010,,42.44388211,1.669943516
NCL,2020,,27.31694264,0.200781353
NER,1990,465.9238895,11.28478681,3.079484547
NER,2000,392.8986169,13.14220964,3.467163828
NER,2010,441.0791661,32.64046052,3.725350774
NER,2020,533.1943289,28.48973231,3.299773916
NGA,1990,1577.196166,,2.702888043
NGA,2000,1421.67988,,2.674397845
NGA,2010,2315.466765,,2.795149361
NGA,2020,2228.686314,,2.130297143
NIC,1990,1260.873828,19.27580248,2.335325265
NIC,2000,1458.374901,26.65475319,1.37553337
NIC,2010,1704.37875,24.83986814,1.419167896
NIC,2020,1950.191812,20.33663661,1.250847412
NLD,1990,31308.91342,23.90127116,0.688603823
NLD,2000,40665.33817,22.45887247,0.714770363
NLD,2010,44659.27284,20.03710604,0.512923101
NLD,2020,47086.58042,21.35197798,0.55554079
NOR,1990,49937.45576,24.7645897,0.344151413
NOR,2000,67846.59686,21.81803845,0.649044821
NOR,2010,72804.39562,24.98868675,1.24566618
NOR,2020,75287.20595,31.35211573,0.588757324
NPL,1990,422.7247386,18.12582192,2.419699219
NPL,2000,547.2210823,24.31486635,1.731274864
NPL,2010,721.2652214,38.27120645,0.619710468
NPL,2020,1031.536188,30.44028151,1.925831066
NRU,1990,20706.6309,,2.440685006
NRU,2000,6079.966208,,-0.186686372
NRU,2010,4748.765399,,0.269206005
NRU,2020,7770.698838,,0.482136104
NZL,1990,26395.6956,20.47105495,0.923222729
NZL,2000,30853.80764,22.03456304,0.587564086
NZL,2010,35489.76315,20.37565733,1.111726056
NZL,2020,39785.47313,23.11174293,2.033387792
OED,1990,25156.96178,25.84680195,0.890400345
OED,2000,30592.03783,24.31394694,0.713186354
OED,2010,33528.41,20.99196366,0.677505277
OED,2020,36444.65164,22.68178131,0.377835338
OMN,1990,16629.45566,10.84059557,5.101184915
OMN,2000,19881.73643,22.58377343,1.288738553
OMN,2010,22766.05036,29.38655462,2.675117096
OMN,2020,17743.88588,27.62066933,-1.508608296
OSS,1990,7042.836129,,2.074546649
OSS,2000,8348.276462,24.82201963,0.304071119
OSS,2010,9829.373762,23.70611661,1.112117303
OSS,2020,10962.07886,24.36829078,1.096611533
PAK,1990,950.8846448,18.93537303,3.343048542
PAK,2000,1049.542297,16.31067792,2.824759835
PAK,2010,1256.694822,15.96155243,2.470817015
PAK,2020,1526.005975,14.81553999,1.803751413
PAN,1990,4828.758777,21.14068661,2.130506893
PAN,2000,6856.149188,28.40604302,1.964005579
PAN,2010,10698.07175,37.34120254,1.78385793
PAN,2020,12647.08266,23.95460779,1.37340967
PER,1990,2706.922532,16.16440551,2.21460822
PER,2000,3286.273085,19.62798476,1.560430591
PER,2010,5167.392593,23.76050904,0.652636898
PER,2020,5831.830248,18.19125889,1.192504953
PHL,1990,1704.075689,23.33171058,2.561221128
PHL,2000,1793.347611,15.68436416,2.379265889
PHL,2010,2373.143121,20.44177114,2.047954252
PHL,2020,3198.6669,17.43337903,1.145514086
PLW,1990,14267.20303,,2.079269717
PLW,2000,12346.46801,,1.454895801
PLW,2010,13206.51226,25.58954405,-1.687144183
PLW,2020,14532.98984,41.71989417,-0.033717337
PNG,1990,1892.306793,24.44249724,2.610540964
PNG,2000,1989.578822,21.89201709,3.449251614
PNG,2010,2140.50939,,3.019984677
PNG,2020,2438.611379,,2.128663097
POL,1990,5111.34533,,0.392398205
POL,2000,7401.576976,24.69996767,-1.044335398
POL,2010,10808.39757,20.85866889,-0.285609122
POL,2020,15090.22284,18.83940516,-1.191640262
PRE,1990,1131.411676,,2.586867328
PRE,2000,1079.427087,,2.801534789
PRE,2010,1412.498982,,2.935124373
PRE,2020,1406.483826,,2.671161966
PRI,1990,18733.64525,16.95436457,0.890295757
PRI,2000,26131.96306,19.714561,0.276558689
PRI,2010,28569.50771,9.160379056,-0.427201373
PRI,2020,28144.72232,10.88092899,-0.640952968
PRK,1990,,,1.468517179
PRK,2000,,,0.713737031
PRK,2010,,,0.436879111
PRK,2020,,,0.37827356
PRT,1990,14593.27061,27.72113145,-0.21794848
PRT,2000,18822.09331,28.7766388,0.702859953
PRT,2010,19698.68368,21.19945268,0.045910037
PRT,2020,19778.71395,19.41857918,0.105114125
PRY,1990,4059.773431,17.80891327,2.711143281
PRY,2000,4074.489533,17.33924481,1.934600538
PRY,2010,5191.050143,23.83495844,1.169858012
PRY,2020,6109.196081,20.04146035,1.35198907
PSE,2000,2436.012077,31.50268917,2.555235698
PSE,2010,2927.08102,19.84713113,2.597032218
PSE,2020,2922.468011,24.30384311,2.486549938
PSS,1990,2973.337954,,1.515531743
PSS,2000,3176.397949,,1.379761338
PSS,2010,3408.196142,,1.183838882
PSS,2020,3525.38601,,1.040484754
PST,1990,27762.15033,25.89136373,0.644464826
PST,2000,34226.70394,24.43110592,0.506639541
PST,2010,38170.96803,20.83225822,0.474124528
PST,2020,41771.30072,22.37105981,0.188955928
PYF,1990,25307.70455,,2.04905798
PYF,2000,22498.82855,,1.569228648
PYF,2010,19913.02527,21.1616841,0.406991624
PYF,2020,19026.79044,21.09592749,0.062696713
QAT,1990,40125.3967,,3.356436022
QAT,2000,52234.36152,20.15128546,5.168431997
QAT,2010,72333.80274,31.6551223,0.491609879
QAT,2020,57769.58361,43.84915085,5.725715448
ROU,1990,5019.437027,30.24828069,0.174176628
ROU,2000,4569.311243,19.66958111,-0.12944004
ROU,2010,7660.706676,27.18907942,-0.593959184
ROU,2020,10854.04943,24.33196349,-0.550759893
RUS,1990,7849.519043,30.13039429,0.168017665
RUS,2000,5323.666504,18.69376019,-0.42061499
RUS,2010,8755.120117,22.61505055,0.044896488
RUS,2020,9632.325195,23.45582915,-0.143202032
RWA,1990,368.2196024,14.64998322,2.618292836
RWA,2000,333.3550901,12.29117235,0.80699171
RWA,2010,583.3714164,20.53250116,2.523651344
RWA,2020,826.3913077,23.73465633,2.242448834
SAS,1990,543.3396365,26.74684553,2.167409738
SAS,2000,758.1331725,26.10661881,1.870105257
SAS,2010,1222.51823,39.18957169,1.36549214
SAS,2020,1806.990454,29.34010169,0.970749727
SAU,1990,25918.96508,15.68401339,4.934265871
SAU,2000,22247.8567,19.316965,4.459832445
SAU,2010,21830.14243,30.92623202,-0.992481797
SAU,2020,22827.67194,23.3158218,4.833138517
SDN,1990,764.4504395,10.43693088,2.034308939
SDN,2000,1111.118652,24.88803086,2.497545616
SDN,2010,1311.223145,20.39853923,2.415789333
SDN,2020,1056.864746,5.786535233,2.688251257
SEN,1990,990.7775226,14.59725848,2.868486394
SEN,2000,1048.374741,22.37322729,2.410099177
SEN,2010,1153.534311,20.08694666,2.386901953
SEN,2020,1361.791437,35.63296509,2.633035725
SGP,1990,23272.70009,35.65311389,3.889093607
SGP,2000,34890.08114,35.174036,1.732042233
SGP,2010,48752.05154,27.65822752,1.771832879
SGP,2020,59189.70386,22.80539556,-0.311904961
SLB,1990,1805.732068,7.545378213,3.111246983
SLB,2000,1747.717962,7.629120287,2.289274446
SLB,2010,2058.956916,17.94388299,2.821397885
SLB,2020,1930.655103,16.72381658,2.220721486
SLE,1990,992.2593519,13.00591548,3.956139033
SLE,2000,727.2409146,1.096810372,2.415404052
SLE,2010,902.7698914,34.43355579,2.721508599
SLE,2020,1010.252946,15.34121073,2.308472027
SLV,1990,2348.204602,13.81290212,1.883405105
SLV,2000,2964.893469,17.66906046,0.497012729
SLV,2010,3398.493461,16.6715814,0.329632682
SLV,2020,3808.531954,17.2116179,0.198362575
SMR,1990,,,1.376847331
SMR,2000,55806.92197,,1.276820831
SMR,2010,49672.69778,,0.61505259
SMR,2020,40506.85211,18.05086818,0.308211037
SOM,1990,259.4000219,13.78302859,-0.45086481
SOM,2000,233.0323931,,4.000978628
SOM,2010,329.9705049,,2.481698873
SOM,2020,462.8670537,16.00602689,3.795920669
SRB,1990,,,0.052559177
SRB,2000,3542.353659,9.063631079,-0.319524801
SRB,2010,5690.703272,17.32418419,-0.402005901
SRB,2020,6850.967422,24.09749362,-0.666107601
SSA,1990,1379.946472,23.22629289,2.692593117
SSA,2000,1300.931572,22.81879142,2.613615505
SSA,2010,1667.518204,23.55725874,2.746959873
SSA,2020,1613.929021,18.87895274,2.55803335
SSD,1990,,,0.516440812
SSD,2000,,,4.416870388
SSD,2010,2295.070261,10.28965508,5.292546182
SSD,2020,,,2.60487165
SSF,1990,1279.185818,22.94779783,2.784015806
SSF,2000,1197.832861,22.8785985,2.658310466
SSF,2010,1542.532154,23.59070113,2.755888042
SSF,2020,1529.248946,19.90166906,2.573415264
SST,1990,6835.199247,,1.619399334
SST,2000,8220.23901,23.86905624,0.563467412
SST,2010,9921.823797,23.64575486,1.008056715
SST,2020,10330.22442,23.97437068,0.920713681
STP,1990,967.4908075,,2.470501306
STP,2000,959.938181,,1.100339245
STP,2010,1216.350252,,2.196081638
STP,2020,1430.841193,,1.876910541
SUR,1990,6474.955712,,0.995011267
SUR,2000,6128.316024,,2.061841303
SUR,2010,8603.907867,36.2044526,1.16234547
SUR,2020,7213.107667,,1.075304778
SVK,1990,8597.463915,29.87541844,0.439617095
SVK,2000,8997.211996,27.81532255,-0.135376488
SVK,2010,14596.14778,25.37833683,0.093191273
SVK,2020,17763.85638,20.22680988,0.085769476
SVN,1990,13615.58586,17.45293521,0.090624343
SVN,2000,16146.12168,29.05749117,0.29607496
SVN,2010,20444.12013,22.56013449,0.436079485
SVN,2020,22811.80505,20.18967195,0.669754656
SWE,1990,34903.34804,29.11052494,0.772602676
SWE,2000,41561.77476,22.2311756,0.160575485
SWE,2010,48205.54925,22.42190232,0.852524629
SWE,2020,51624.58118,24.42075424,0.722703913
SWZ,1990,2027.974819,,4.050072067
SWZ,2000,2273.046838,,1.026166762
SWZ,2010,3069.521757,,0.586161116
SWZ,2020,3609.366914,15.29022822,1.083630577
SXM,1990,,,6.980520784
SXM,2000,,,-0.660731149
SXM,2010,38403.07052,,0.900652592
SXM,2020,28920.3773,,1.530874073
SYC,1990,8779.852313,24.26330082,0.490359666
SYC,2000,11703.75352,24.91839395,0.892658567
SYC,2010,12313.55669,37.03142382,2.792329069
SYC,2020,17048.36173,21.3213199,0.853707878
SYR,1990,931.8850684,,3.232720861
SYR,2000,1248.384883,,2.494059999
SYR,2010,1526.368944,,2.273867358
SYR,2020,740.811397,,3.361887612
TCA,1990,,,4.327409154
TCA,2000,,,4.203513442
TCA,2010,29111.87292,,3.947226636
TCA,2020,33739.4254,,2.787095606
TCD,1990,602.6706858,6.753507456,2.766507641
TCD,2000,530.6003313,23.27390222,3.458862793
TCD,2010,956.9530187,21.85444822,3.460770948
TCD,2020,884.9805419,22.78744555,3.181970361
TEA,1990,1085.415863,33.78399645,1.616554583
TEA,2000,2157.91938,30.32234719,1.002607154
TEA,2010,4852.744298,42.23885396,0.745622556
TEA,2020,8386.639502,40.23799349,0.453261414
TEC,1990,5339.133663,29.3210567,0.644574723
TEC,2000,4430.11168,21.76161167,-0.051698957
TEC,2010,6986.953555,24.12704963,0.369045723
TEC,2020,8778.059563,24.76799866,0.196606052
TGO,1990,703.623952,36.14051413,2.927067199
TGO,2000,679.5334216,29.49747031,2.75685669
TGO,2010,644.5632813,15.84042478,2.721017166
TGO,2020,808.3006971,19.81052971,2.412473937
THA,1990,2631.519711,41.35376259,1.63811608
THA,2000,3514.71663,22.28260569,1.13127018
THA,2010,5059.357478,25.35665463,0.670617338
THA,2020,6035.186277,23.75538517,0.166540795
TJK,1990,1312.947013,,2.466256452
TJK,2000,429.537301,9.41400347,1.222529565
TJK,2010,770.6041054,23.84618187,2.13859733
TJK,2020,1171.901275,33.47495126,2.27553633
TKM,1990,3495.748389,40.0,2.643363458
TKM,2000,2255.014968,34.73865594,1.994744397
TKM,2010,3900.142379,51.8808272,2.047357865
TKM,2020,6965.112269,,2.122655358
TLA,1990,5654.116835,19.49746473,1.916281571
TLA,2000,6609.801197,20.20477533,1.495788156
TLA,2010,7913.954928,22.04057252,1.119731849
TLA,2020,7684.385214,17.85099999,0.730174027
TLS,1990,633.1824866,,2.058136654
TLS,2000,1117.564323,33.53118479,-11.35664525
TLS,2010,1195.380661,42.71781168,2.416489984
TLS,2020,1947.839929,16.46570198,1.911593734
TMN,1990,2053.975283,32.95576375,2.886203359
TMN,2000,2320.805415,22.71217352,2.222804416
TMN,2010,2854.82932,28.34805111,2.160642219
TMN,2020,2828.394651,25.83049676,1.748891773
TON,1990,2987.636814,18.49329963,0.298338267
TON,2000,3866.685749,20.25851106,0.616444658
TON,2010,3653.978017,29.15474137,0.183594876
TON,2020,4647.007651,24.57287292,0.033116813
TSA,1990,543.3396365,26.74684553,2.167409738
TSA,2000,758.1331725,26.10661881,1.870105257
TSA,2010,1222.51823,39.18957169,1.36549214
TSA,2020,1806.990454,29.34010169,0.970749727
TSS,1990,1279.185818,22.94779783,2.784015806
TSS,2000,1197.832861,22.8785985,2.658310466
TSS,2010,1542.532154,23.59070113,2.755888042
TSS,2020,1529.248946,19.90166906,2.573415264
TTO,1990,6058.215216,,0.850752262
TTO,2000,10023.02067,16.78524918,0.384592208
TTO,2010,17938.09495,23.14211577,0.579036712
TTO,2020,15679.96115,20.51503752,0.200680476
TUN,1990,2114.470345,27.06805847,2.098246765
TUN,2000,2864.547037,25.89880884,1.122225591
TUN,2010,3906.906259,25.8362687,1.076732866
TUN,2020,3749.268415,12.68822891,0.830022186
TUR,1990,5188.182444,24.54926752,1.872084576
TUR,2000,6326.257465,24.01131824,1.282976487
TUR,2010,8472.578091,28.45207778,1.519430938
TUR,2020,12338.64383,34.15405608,0.970386031
TUV,1990,2450.79726,,1.557878013
TUV,2000,3056.55102,,0.504202749
TUV,2010,2879.296457,,1.451982804
TUV,2020,4233.018321,,-1.735029224
TZA,1990,541.5447998,17.98141985,2.605235484
TZA,2000,555.3480835,17.46279682,2.841524325
TZA,2010,801.2993164,32.01724431,2.544485226
TZA,2020,1041.259644,38.74648749,2.993051688
UGA,1990,369.839287,12.70408004,3.234459967
UGA,2000,509.1975532,19.48382172,3.144183603
UGA,2010,768.6240917,27.10395535,2.943891335
UGA,2020,917.0350318,24.21595056,3.333417511
UKR,1990,3102.310547,,0.262138263
UKR,2000,1409.222656,19.80377907,-0.8435153
UKR,2010,2285.933838,18.372368,-0.360396779
UKR,2020,2324.107422,8.932299327,-0.61903773
UMC,1990,2402.947822,26.99059936,1.620899885
UMC,2000,3401.758185,24.60831816,1.009217936
UMC,2010,5923.198518,33.89436743,0.798255018
UMC,2020,8611.334391,35.73162602,0.536733852
URY,1990,8320.355905,12.20085101,0.58630446
URY,2000,11096.33096,14.4570209,0.373944816
URY,2010,14722.37801,19.40760548,0.256129913
URY,2020,16443.3635,16.23367649,0.051852705
USA,1990,39009.37251,21.52921345,1.12965052
USA,2000,48379.75517,23.6783759,1.112768997
USA,2010,52555.76951,18.67222167,0.846129866
USA,2020,59194.66652,21.71744607,0.408427567
UZB,1990,1569.0108,,2.412318764
UZB,2000,1269.721375,19.60001229,1.262812829
UZB,2010,2144.640006,27.17819793,1.584336078
UZB,2020,3249.051911,37.59335803,1.868306716
VCT,1990,3784.799429,,0.484123518
VCT,2000,5067.967395,,0.157771141
VCT,2010,6678.042007,,-0.498034749
VCT,2020,7989.746519,,-0.617259162
VEN,1990,3762.275068,9.889709866,2.440849387
VEN,2000,3740.01955,24.17039199,1.893794996
VEN,2010,4332.026818,21.97165797,1.309342169
VEN,2020,1255.372631,9.206482601,-1.721904777
VGB,1990,,,3.393668501
VGB,2000,,,2.556993028
VGB,2010,,,1.665095946
VGB,2020,,,2.012851855
VIR,1990,,,2.850869155
VIR,2000,,,0.039587371
VIR,2010,47162.73756,,-0.043365735
VIR,2020,35850.74331,,-0.355937434
VNM,1990,687.8603163,,2.093688681
VNM,2000,1212.196578,29.60991382,1.129509842
VNM,2010,2027.581844,37.09907617,1.144402597
VNM,2020,3303.169498,31.91568839,0.927434296
VUT,1990,2637.260848,31.16495523,2.509911004
VUT,2000,2841.739094,19.91399802,2.298589779
VUT,2010,2856.773776,37.00689273,2.342886778
VUT,2020,2771.870988,33.24247825,2.326611311
WLD,1990,6783.205589,26.09361203,1.74350564
WLD,2000,7858.907966,24.46248653,1.364048959
WLD,2010,9298.749873,24.56249764,1.216836916
WLD,2020,10541.81185,26.43530077,0.981789958
WSM,1990,2534.122049,,0.162221403
WSM,2000,2945.372179,,0.779095553
WSM,2010,4081.15536,14.64470838,0.785366135
WSM,2020,4283.063925,33.19050487,1.02627263
XKX,1990,,,1.400538029
XKX,2000,,,-3.758236554
XKX,2010,2822.633596,33.12848705,-0.331415174
XKX,2020,3990.946131,33.40612753,0.070409906
YEM,1990,1722.224394,,3.843767677
YEM,2000,2114.672656,,3.077428936
YEM,2010,2356.199604,11.6610831,3.138563898
YEM,2020,,,2.873204148
ZAF,1990,4544.230232,18.2312412,2.781380372
ZAF,2000,4700.875555,15.06028109,0.914659168
ZAF,2010,5953.945065,17.5956446,1.18290957
ZAF,2020,5569.584833,12.34554415,1.622164314
ZMB,1990,878.589206,,2.562066231
ZMB,2000,804.4846342,,2.810500956
ZMB,2010,1183.417124,29.87400569,3.461922742
ZMB,2020,1228.735001,32.24485098,2.904164937
ZWE,1990,1653.565214,17.37694276,2.724715342
ZWE,2000,1677.348968,13.56964106,0.917384655
ZWE,2010,1056.208846,18.76283953,1.61334322
ZWE,2020,1230.819334,11.21392438,1.659352809
