country,year,gdp_per_capita,investment_rate,population_growth,school_enrollment
ABW,1990,24763.6538099384,,3.75056134586705,
ABW,2000,28104.8954362859,25.4941135775374,1.03081685259869,
ABW,2010,25429.2180974853,28.2831797071863,0.230041095930877,98.2207412719727
ABW,2020,22729.8897593533,23.9492805852762,-0.565684046703506,135.124725341797
AFE,1990,1293.87019984421,,2.86654890669014,24.2189292907715
AFE,2000,1205.98105360593,18.9834572520083,2.59538933998788,27.7371292114258
AFE,2010,1449.48915951845,21.5855677899219,2.73452519643287,38.864860534668
AFE,2020,1399.39849841898,19.6988732723162,2.69951609745311,44.682559967041
AFG,1990,,,1.43458821147838,11.0395498275757
AFG,2000,308.318269746638,,1.21217597601851,
AFG,2010,542.871030476037,,2.93468670173474,50.4406204223633
AFG,2020,527.834554499306,11.5,3.15360920291972,
AFW,1990,1260.2797881965,,2.66136615067968,20.4625606536865
AFW,2000,1188.0373057001,,2.75132392809025,22.3391399383545
AFW,2010,1677.95238312056,,2.78698893627561,38.3284301757812
AFW,2020,1719.26150438049,,2.38917570433681,44.7343406677246
AGO,1990,2675.05239370666,0.0,3.39240335400398,9.64206981658936
AGO,2000,2172.46326720494,,3.31228746945312,13.3690700531006
AGO,2010,3540.79159568381,29.7638327935383,3.85109824897149,28.2108038778932
AGO,2020,2864.16146036893,19.6439562319095,3.26795864914978,
ALB,1990,1682.8810874018,30.360946807547,1.79908559333186,
ALB,2000,1991.91435867116,34.0401392244169,-0.637356833943492,
ALB,2010,3579.82413181046,32.4926226328977,-0.49646196338738,93.6818237304688
ALB,2020,4980.61699524696,26.2183472454095,-1.54315589345436,95.9294474518951
AND,1990,31143.1615046334,,3.83123287796408,
AND,2000,34113.8334027285,,-0.038053198830509,
AND,2010,36277.2814831059,,-3.86696538756774,85.4886322021484
AND,2020,34536.666145207,,1.17775354895761,97.1500396728516
ARB,1990,4290.84865100714,30.1814997503642,3.28626669219108,54.0517387390137
ARB,2000,4910.08259157072,19.8200202599509,2.41543527490979,59.2162818908691
ARB,2010,5948.12916468842,26.835298569653,1.99515168852155,64.951042175293
ARB,2020,5904.57124162288,24.2500330678182,2.10294522896747,67.2821731567383
ARE,1990,66481.6137644725,,5.8784228791753,
ARE,2000,56939.2701807931,,6.73568170124179,
ARE,2010,42328.8508165469,28.9193053739198,2.39801204084647,
ARE,2020,39878.474427695,22.8266562576,-0.474850154644905,99.1635400791877
ARG,1990,8115.09386370753,13.9969815756662,1.49157462934909,72.95556640625
ARG,2000,10631.6503639029,17.5334874363903,1.13312807570195,96.2141189575195
ARG,2010,13387.1553748458,17.7055338062046,1.05636332156278,99.0709991455078
ARG,2020,11393.0505957877,14.4151557410245,0.484665636741261,112.376731872559
ARM,1990,1644.02214502158,47.1476843569867,3.1174632144082,
ARM,2000,1229.21510436102,21.92233140183,1.68478463633775,86.0512008666992
ARM,2010,2796.08143428043,38.8147549853077,-0.693856288987436,107.732391357422
ARM,2020,4032.09043454955,19.663832943599,-0.0337609726366775,88.5080298201293
ASM,1990,,,3.15605900743314,90.399787902832
ASM,2000,,,1.07336821798259,
ASM,2010,12446.3086265015,,-0.541732698337665,
ASM,2020,13194.274740128,,-0.896274880494128,
ATG,1990,13166.5241173582,,-0.409839881846658,
ATG,2000,15961.0918359058,,1.67727282735622,80.2067489624023
ATG,2010,16135.397384487,,1.35346888620455,115.466743469238
ATG,2020,14950.8942397208,,0.526173366134419,
AUS,1990,36975.4199007908,28.9035413494686,1.48004693689661,
AUS,2000,45979.0765654048,26.2042380502619,1.14447285147721,
AUS,2010,53768.349733441,26.697693257066,1.55570626204128,
AUS,2020,58377.7670517802,22.3449300806534,1.23342825131378,137.490737915039
AUT,1990,31167.1857978698,27.0291365800716,0.762001611316115,
AUT,2000,38571.0858780001,25.9400787116929,0.240466652446524,98.6123428344727
AUT,2010,43035.4073531933,22.8592812354211,0.240394299500766,100.263969421387
AUT,2020,43428.6983137234,25.6530737541266,0.415176731565556,101.690559387207
AZE,1990,2866.41060718579,26.5347885402456,1.38441350150675,
AZE,2000,1504.73106706035,20.6735762277188,0.821519963674211,
AZE,2010,5300.11048729062,18.0595784763923,1.18978770786007,83.0853181521079
AZE,2020,5087.50022783627,23.6659543305763,0.684365325388407,91.365513501165
BDI,1990,373.245241687992,,2.0861326947595,4.60391998291016
BDI,2000,264.154407180223,,2.07761630416467,
BDI,2010,253.308577749924,,4.68101057302388,23.7647094726562
BDI,2020,263.463876356897,,2.9086530249822,44.9151717353101
BEL,1990,29609.6207516724,24.3463734360231,0.298235706313592,
BEL,2000,35878.3153586195,23.7829613022103,0.242517956221334,146.919784545898
BEL,2010,39991.5646206286,22.3942744569467,0.913639391631709,160.66047668457
BEL,2020,40769.0218072962,24.068567845367,0.430996815099722,151.727508544922
BEN,1990,749.459666582926,14.060356419347,3.07281526239198,
BEN,2000,861.213292013209,16.0084024487125,3.07665265205002,20.0005397796631
BEN,2010,928.246655329144,15.608089212583,2.98424162798508,
BEN,2020,1126.65404122154,25.6338435081567,2.66259875153288,43.9858703613281
BFA,1990,332.153276660935,18.9133966293571,2.6348206163474,6.78861999511719
BFA,2000,428.309796566198,14.5706990626075,2.98414422391968,9.85589981079102
BFA,2010,561.847221302489,21.9904340000138,2.92577947499021,21.1780201888507
BFA,2020,713.8421779224,17.1615174265995,2.43522959287393,39.2540084845692
BGD,1990,473.444821021085,16.4586755151535,1.9903336888239,19.8893508911133
BGD,2000,620.560472822105,23.8085625731369,1.82732806740512,46.7210006713867
BGD,2010,943.66422864236,26.2466561760577,0.876530534249878,49.5031106793162
BGD,2020,1604.6659234742,31.3079413414304,0.836310836229073,66.4329548486639
BGR,1990,4425.49968282931,25.588778293303,-1.80375047906806,
BGR,2000,3717.92889906166,19.0461434857678,-0.493896416633318,79.8759078979492
BGR,2010,6428.71742590538,22.5179685624585,-0.658275446635908,94.1819229125977
BGR,2020,8440.08304721192,20.1519208043409,-1.00293821352921,101.354942321777
BHR,1990,18345.8379968815,14.4494275559834,3.45248907691035,82.7652893066406
BHR,2000,25407.9694054552,16.5750590582953,2.63695278007044,91.4384078979492
BHR,2010,22224.0736166249,28.5983559958528,4.16585991920366,90.1969414818577
BHR,2020,23586.9309581516,37.2956671453326,-0.781611308056263,
BHS,1990,30995.4830715942,29.414718888187,1.7426138665052,84.7572708129883
BHS,2000,32424.7271786716,30.1852170564615,1.31201091278679,
BHS,2010,30657.4319059659,27.9860060064819,1.27841716584672,91.0886370856719
BHS,2020,24791.6704945106,23.0710591323143,0.300555038290333,
BIH,1990,791.443970389452,,0.330285176304849,
BIH,2000,2567.34136989735,30.3063848486067,0.710877055593974,
BIH,2010,3981.20985692032,21.9146685888149,-1.77665932121615,85.5183715820312
BIH,2020,5490.75366635139,23.4676997821764,-1.39008469041609,85.5591125488281
BLR,1990,2888.81296582486,26.5588914549654,0.19006508287506,97.5836486816406
BLR,2000,2615.36376799462,25.3986730605006,-0.471131334643547,
BLR,2010,5616.0941173307,40.6563662623236,-0.218522755959381,111.028998547015
BLR,2020,6251.98898968645,27.4548359346196,-0.42347525027949,100.575710351095
BLZ,1990,4112.59517532713,22.0514270521151,2.19179745611304,
BLZ,2000,5663.64632374973,26.2033579229094,3.26709202067925,67.7030181884766
BLZ,2010,5937.75398343789,15.4511716601437,2.41171251993503,75.6223037349759
BLZ,2020,5006.48453276935,18.4434323395975,1.28323598131052,86.1886596150512
BMU,1990,89089.7346423608,,0.749864004764586,
BMU,2000,109502.763102809,,0.694526488745174,
BMU,2010,118382.908990645,13.0430267361979,0.251394586009326,89.5964279174805
BMU,2020,98999.5076617935,12.2379040805742,0.428052860400885,
BOL,1990,1679.40847934245,12.5319367065277,2.10292567074217,
BOL,2000,2014.19024658446,18.1434786934628,1.71712723342906,72.7576370239258
BOL,2010,2481.40700850945,17.0070184588469,1.64440681785103,87.7601876397411
BOL,2020,2765.0927177231,17.268345922029,1.23396442673807,88.8672369779995
BRA,1990,6149.86718171298,20.1677066020429,1.78613575086263,
BRA,2000,6817.78345634413,18.90311926897,1.37521128317928,
BRA,2010,8792.63334959864,21.801321557926,0.84088322514573,
BRA,2020,8435.01046209185,16.1158206044059,0.579350709708032,104.125999450684
BRB,1990,19382.8687219216,,0.183088202476835,88.8083190917969
BRB,2000,21523.3992235883,,-0.173090896850965,107.564750671387
BRB,2010,21982.1839041348,,0.407743308362451,107.682540893555
BRB,2020,17519.837062872,,0.174452216457154,104.318992614746
BRN,1990,44179.827869454,10.8883467958047,2.87212106847642,
BRN,2000,37509.5983847742,18.7374704379378,2.17184750364769,82.8583526611328
BRN,2010,33121.3178241724,23.6902575256773,1.89897689252094,101.011688232422
BRN,2020,30015.9588506697,40.5878302733583,1.06148281648515,86.6857810342997
BTN,1990,812.671325588739,27.8570301973124,2.70054497941616,
BTN,2000,1259.6237645235,54.0420474077414,2.42228077592733,30.5185794830322
BTN,2010,2378.72810760985,62.9334525245912,1.0954380761045,62.9354400634766
BTN,2020,3092.12428399363,39.0705723574357,0.675256502719854,89.7711428873908
BWA,1990,4039.46544455099,37.3669769651251,2.75036067045791,43.0783309936523
BWA,2000,5062.64289173588,29.551080393757,2.13210606291764,76.1968231201172
BWA,2010,5584.5034321846,34.7021091252242,2.10943597528371,
BWA,2020,6254.24806241091,32.7272598389392,1.4394103578493,
CAF,1990,519.786735961912,12.708059808033,3.10993470955643,12.1238403320312
CAF,2000,437.168928414826,11.0722959362908,2.74955419856204,
CAF,2010,519.141456408484,16.8437813047686,-0.799202484181735,
CAF,2020,398.834274122139,25.9999999979092,1.64324789708014,
CAN,1990,31700.5462613508,21.3042109213358,1.50766067284807,
CAN,2000,37906.8601321366,20.6144677111521,0.931281553452429,101.992736816406
CAN,2010,41164.3399119626,23.4820046985497,1.11135202971694,102.510261535645
CAN,2020,42366.1285377884,22.6747176119532,1.08436897113225,109.628059387207
CEB,1990,6751.23105612115,,-0.052821830900083,
CEB,2000,7450.86082262,25.5518988588474,-0.563773690484113,92.1335372924805
CEB,2010,10998.6534832885,22.9917805306206,-0.362321893446287,100.192092895508
CEB,2020,14621.1363727276,21.8966889180371,-0.63867745350422,102.24365234375
CHE,1990,70063.8517086247,34.9196340875005,1.02687307219521,
CHE,2000,73749.9389517966,27.2341910868659,0.561954617400164,94.5499114990234
CHE,2010,81315.4228307049,25.8955591965806,1.0415580576588,96.6068572998047
CHE,2020,84637.0132935333,29.5787498388343,0.730676195047382,104.211616516113
CHI,1990,,,1.11460526770246,
CHI,2000,,,0.376103046296504,
CHI,2010,64722.9832990297,,0.70224119137965,
CHI,2020,58636.7036143365,,0.359172843142478,
CHL,1990,5290.53694835535,25.7232653777983,1.66722675551771,
CHL,2000,8465.35303258864,23.7507555521354,1.19601925947085,86.9013595581055
CHL,2010,11649.2897090856,24.775467656778,1.00455362363927,90.99951171875
CHL,2020,12679.024004022,21.0582071011998,0.896491953505063,103.691688537598
CHN,1990,917.270661782581,34.0914985430681,1.46730321087928,39.0024795532227
CHN,2000,2237.44298500334,33.6326827140045,0.787956592953992,59.4924812316895
CHN,2010,5764.86534987407,46.1023443345586,0.482959688678361,90.7829173331445
CHN,2020,10573.6420059282,42.5723735094229,0.238040870229883,
CIV,1990,1866.0785698741,6.68880333930737,3.93204869696274,
CIV,2000,1717.95385651231,15.8924072733403,2.76729583954346,
CIV,2010,1540.52927270246,21.6810545298756,2.20359114199838,
CIV,2020,2055.08483996432,21.7428934104601,2.53019803537112,55.4380323721262
CMR,1990,1360.47765296011,17.8119783746051,2.94699987458872,25.8838996887207
CMR,2000,1151.27689302947,17.1923305666251,2.63276307164066,28.4606399536133
CMR,2010,1290.9013745759,18.2284440377378,2.85766146651935,
CMR,2020,1434.51913723409,17.6605439792144,2.7244863481235,
COD,1990,831.662947440969,,3.31797538712724,
COD,2000,339.52682222392,14.4334963339406,3.20780748301006,
COD,2010,400.619567973092,24.0289275977627,3.18751592835336,37.0387916564941
COD,2020,470.852950000929,21.848825739462,3.22098049233111,
COG,1990,2363.76701814587,15.9055118110236,2.85491548331506,47.1228408813477
COG,2000,2057.01922023551,22.6259541984733,3.83186610159414,
COG,2010,2332.28508055953,47.1901706659231,4.14243050486562,
COG,2020,1725.51040049963,23.7315670324983,2.39477691216791,
COL,1990,3714.1849928328,20.606730546634,2.06742882129527,
COL,2000,4016.80951748167,14.8956270290748,1.63798274950516,76.4044799804688
COL,2010,5214.24547620131,21.8887622688674,1.13596836363633,99.9543685913086
COL,2020,5891.95523215403,19.1281469366662,1.43632167326968,101.499450683594
COM,1990,1253.76196294342,18.0422800196632,2.61904296351893,
COM,2000,1150.82840106354,18.0422951907498,1.91989444545768,
COM,2010,1272.60650664705,18.1749508973221,1.98790768401212,
COM,2020,1359.70624686714,11.8017625207878,1.96199379762606,
CPV,1990,835.120723175504,,2.05192397342069,18.4422798156738
CPV,2000,2037.31720912714,,1.51097073984668,65.0551376342773
CPV,2010,3194.61667734233,44.9568060390526,0.717181999615317,83.5471330073283
CPV,2020,3255.93628984058,28.9619236573871,0.11178257414313,98.3093023666237
CRI,1990,6037.05111668102,27.3228217996094,2.52640419852885,
CRI,2000,7726.51985682031,20.6866903035723,1.93953648052985,59.6520385742188
CRI,2010,10285.0856660419,19.8339185211217,1.24057536472066,97.5067367553711
CRI,2020,12242.2098908533,16.1630546690345,0.6929953994471,132.678680419922
CSS,1990,8229.17592166741,,0.563562781880641,71.2089385986328
CSS,2000,10510.8694258103,,0.786660535791513,81.2740173339844
CSS,2010,13743.4073853565,,0.635465035251728,88.9340286254883
CSS,2020,12531.5018423504,,0.363226824115709,86.0121917724609
CUB,1990,4961.45738860948,24.8024922353702,0.931316010174928,92.1929931640625
CUB,2000,4112.26168350671,12.5033534650291,0.332523063476085,81.8830108642578
CUB,2010,6716.49048497058,10.0733739584629,0.023813604568028,92.4079409432897
CUB,2020,7252.28811179844,9.87499068484984,-0.236755669324081,101.487990578922
CUW,1990,,,-1.05153583877637,
CUW,2000,21523.645846078,,-4.07538613162288,
CUW,2010,20706.437408421,,1.26551415533004,
CUW,2020,14849.9696941839,,-1.25208156177086,129.470256951777
CYM,1990,,,4.42349945118073,
CYM,2000,,,3.56640069722567,94.2075576782227
CYM,2010,79483.0963975025,,2.77574348652733,
CYM,2020,75199.6446248648,,1.9954930548265,84.0909118652344
CYP,1990,17144.46875,27.0454275173864,1.39626772860371,
CYP,2000,22383.96484375,20.4291577976899,1.74925863858297,93.3721389770508
CYP,2010,26090.048828125,23.6867268786643,1.64898311615441,91.440803527832
CYP,2020,26895.68359375,20.6447561187859,1.20329712567783,101.427406311035
CZE,1990,11900.5844581421,24.3277286034708,-0.267830773210837,
CZE,2000,12543.9364342367,31.8350210442972,-0.280414108078884,89.3995208740234
CZE,2010,16665.9317825137,26.7312876523202,0.29136167418042,98.6544189453125
CZE,2020,19233.1469549829,24.7302051809802,0.243222682211879,99.3292617797852
DEU,1990,29763.3124657124,25.2643366002088,0.861969448764933,
DEU,2000,35104.1308467844,23.9639660790924,0.135431600393084,99.1294326782227
DEU,2010,38526.7371042695,19.5310600093299,-0.153198446937304,104.891357421875
DEU,2020,42372.8726784255,21.7290304632077,0.0816931586494595,101.307800292969
DJI,1990,,,10.1971224309312,
DJI,2000,,,3.13983453232405,
DJI,2010,,,2.03332270229716,
DJI,2020,2773.40661780097,-0.248727784664231,1.50228656339009,
DMA,1990,5536.87901663922,,-0.752614798747924,77.9037628173828
DMA,2000,6879.59737273918,,-0.522635323904246,106.89208984375
DMA,2010,8574.27308682238,,-0.0072609513330379,108.655853271484
DMA,2020,7302.94454951254,,-0.453294538586472,105.181579589844
DNK,1990,39306.7939232431,20.7926471394728,0.162456320242469,
DNK,2000,49266.9882757886,22.2944061771116,0.334233618829261,126.853088378906
DNK,2010,51209.4492757775,17.8221551141916,0.444197154509531,118.944053649902
DNK,2020,55934.5555945523,22.7626532555055,0.291641177476633,129.995193481445
DOM,1990,2772.77065608381,23.3496591496817,2.10374678686355,
DOM,2000,4123.10573163115,27.8926622004107,1.62045560357101,59.4400787353516
DOM,2010,5666.45633430206,26.0714218346178,1.28013209833069,77.9718275378447
DOM,2020,7395.8734262396,24.879515915457,1.04334076460591,80.0444119218853
DZA,1990,3605.68701212608,28.5894206651089,2.47896733157691,60.6158790588379
DZA,2000,3553.32420521991,23.5639069007647,1.3996685583388,64.5954208374023
DZA,2010,4456.6102741643,43.2868274827225,1.9470588317966,100.739776611328
DZA,2020,4363.68533767783,42.9493576825015,1.71191216459393,
EAP,1990,1072.20234491906,33.7889869615917,1.61459135755938,40.9200210571289
EAP,2000,2132.39099441931,30.3229183990923,0.998845430185964,58.803581237793
EAP,2010,4797.24821906567,42.2390427366086,0.741733055460152,82.9164581298828
EAP,2020,8293.69666986026,40.2378212464091,0.452341336047048,88.6450271606445
EAR,1990,1833.02641598646,22.9656695928751,2.45496858012563,45.7701988220215
EAR,2000,2158.8733767333,21.9748699050641,1.87962415421671,51.0884819030762
EAR,2010,2766.88281699468,28.632987358968,1.54675845386388,63.9171485900879
EAR,2020,3290.1946903817,25.7669679872255,1.21571614142701,75.3833694458008
EAS,1990,3713.30449655525,34.5145010936368,1.50426267739424,47.235710144043
EAS,2000,5056.47338479158,29.0399720470408,0.942759365568456,62.1436996459961
EAS,2010,7855.36234558956,32.8206897619544,0.700770611250663,84.7297592163086
EAS,2020,11276.053700591,34.9860393980257,0.408472469030409,89.899040222168
ECA,1990,3553.12386439712,25.3385480958899,1.19807425853498,
ECA,2000,3231.4170375726,22.8768750408235,0.415829788565206,85.3211822509766
ECA,2010,5123.22527224197,26.7252330084556,0.809647377625494,90.7503280639648
ECA,2020,7016.36291211506,29.0137306334256,0.711353855412666,98.5530319213867
ECS,1990,15930.5488310998,25.4210770961194,0.52293071905169,
ECS,2000,18477.5285403385,22.6075586437602,0.125518588445939,95.2436599731445
ECS,2010,21465.351630475,21.131540328142,0.365344248524332,99.2390975952148
ECS,2020,23034.1354718301,22.6014501718469,0.187722981344916,103.197662353516
ECU,1990,3919.71758067093,20.1520380846263,2.23823125724436,
ECU,2000,3953.39879728357,17.1669504072431,1.73622001498213,55.9612693786621
ECU,2010,5022.20374387205,23.4900158733515,1.67708805313164,91.5583877563477
ECU,2020,5355.68934196443,17.5849129748726,1.18125258230486,93.9849491291463
EGY,1990,1972.13789303215,28.9144058455115,2.92960944817985,68.7174301147461
EGY,2000,2458.60835003016,19.5530726256983,2.16091978529782,77.8339462280273
EGY,2010,3233.84521246786,19.5010774075916,1.91795124102801,64.7296371459961
EGY,2020,3770.86947867421,18.8180606572831,1.62495386951696,79.6544750074231
EMU,1990,25547.4550182017,24.7983811164859,0.460721739454511,
EMU,2000,30853.1385054093,23.4059942707807,0.309783222549474,103.357780456543
EMU,2010,33252.3689886555,20.7640561916706,0.254268113475692,108.635520935059
EMU,2020,34608.4614772745,22.0368117969718,0.141183349191362,108.483871459961
ERI,1990,,,2.27486416634711,
ERI,2000,845.132430060544,21.9967567603027,1.53601457156771,45.2635498046875
ERI,2010,703.877374381654,12.3854014927083,1.96475727107645,51.5608596801758
ERI,2020,,,1.56406078076077,
ESP,1990,19174.77083233,26.8366821808878,0.101828842607043,
ESP,2000,24106.8818529374,26.6723700485971,0.447137014535835,113.414573669434
ESP,2010,25766.2515825743,22.3988413816153,0.460408305051304,122.622512817383
ESP,2020,25077.019882928,20.6266482703898,0.510010189620998,117.367767333984
EST,1990,9341.22561480009,,0.0664901906843683,
EST,2000,10006.7696280939,28.4761032107323,0.483707161729931,95.0215377807617
EST,2010,14657.939813612,21.5876781655604,-0.22805796852935,110.888679504395
EST,2020,19946.945696898,29.6538687688692,0.197559185177642,112.527702331543
ETH,1990,267.078134508598,0.0,3.70151417338649,
ETH,2000,247.505413659694,0.0,3.06823302462214,14.451319694519
ETH,2010,421.898622378633,0.0,2.83517457968806,33.0478591918945
ETH,2020,768.705424485209,30.5789686594943,2.71077284780816,
EUU,1990,21731.2530227102,25.0325469517662,0.338877065279092,
EUU,2000,26365.798677465,23.4452666779727,0.119607067359065,101.507369995117
EUU,2010,29352.9442515094,20.9287617842046,0.158405309698739,106.968536376953
EUU,2020,31435.0353450837,22.1398230180037,-0.0088375075819338,108.119239807129
FCS,1990,1487.85171733751,,2.67986592189238,30.5092105865479
FCS,2000,1295.212123623,,2.282655960761,32.3150405883789
FCS,2010,1676.97481416998,,2.47627067215411,42.8060913085938
FCS,2020,1435.4620668369,,2.22230381017643,46.512809753418
FIN,1990,31291.5222587198,30.1371971329317,0.443382073914297,
FIN,2000,37872.6020343504,23.8741513058525,0.2076065154133,125.493049621582
FIN,2010,43556.5385834368,22.6073229974435,0.457494535465831,108.609390258789
FIN,2020,44690.9801103074,24.9836073895773,0.143641197212847,143.122909545898
FJI,1990,3414.95053196369,,0.908661993627988,
FJI,2000,3960.8890315,,1.08577609197596,75.6572799682617
FJI,2010,4272.359150902,,0.34990116341096,
FJI,2020,4721.1228189763,,0.0069950630185431,91.541633605957
FRA,1990,27992.9751471374,24.4166717434176,0.547228307056949,
FRA,2000,33255.1379642335,21.8578770673408,0.686335719566776,105.590217590332
FRA,2010,35578.1968010183,21.3378695020042,0.492976371032656,106.424942016602
FRA,2020,35709.2045925926,22.8044182138435,0.324557781035362,104.566566467285
FRO,1990,,,-0.455600696125289,
FRO,2000,,30.8175663142274,1.33775372322055,
FRO,2010,42333.5215714088,19.5208247548459,-0.275018644732287,
FRO,2020,54301.6594145787,28.2582797236121,1.48148018439056,
FSM,1990,2384.9445815498,,1.88608379478079,
FSM,2000,2724.42245620978,,0.325401227572671,
FSM,2010,2884.91733583068,,-0.387012831252087,
FSM,2020,2951.77114318964,,0.573243642479669,
GAB,1990,8354.26309000876,21.6771566086635,2.74079536205552,
GAB,2000,7596.09970650519,21.9020564270273,2.58540209287646,
GAB,2010,6481.49612073562,29.7011138055349,3.44994267851283,
GAB,2020,6534.27966528997,19.8634691076218,2.38922359813697,
GBR,1990,30071.2085616955,23.5558879470108,0.298930554095876,
GBR,2000,39297.1366317267,18.9469377484139,0.357300887421605,101.204376220703
GBR,2010,42762.720840223,16.6181160375508,0.783888646646516,103.46118927002
GBR,2020,42982.4631007642,18.2807146353402,0.169447088341033,114.566833496094
GEO,1990,3534.03227732782,30.7363356942403,-0.0270683894920024,
GEO,2000,1561.19867638847,26.581315880922,-1.9446291567975,83.4423599243164
GEO,2010,3090.06513662318,20.929149397264,-0.729475256932528,
GEO,2020,4659.60925318234,24.6056865974412,0.0686562494680967,108.06699476725
GHA,1990,855.85250708181,14.4439972906995,2.55156185640349,33.9981918334961
GHA,2000,1022.27520714566,23.9986004971918,2.51243583964957,32.5775909423828
GHA,2010,1381.2279503506,13.1001937072805,2.43301424000427,
GHA,2020,1970.19411460398,18.2236669857819,1.99181985149439,74.0102186341371
GIB,1990,,,-1.2567752734271,
GIB,2000,,,0.0613707353064771,106.05623626709
GIB,2010,,,1.3694209589518,
GIB,2020,,,1.89493160765265,100.500228881836
GIN,1990,548.371534819426,13.7904295464944,3.45583486210679,9.75790977478027
GIN,2000,614.137235083638,14.0409789124706,1.96135964318577,
GIN,2010,675.736917327708,20.3254011637907,2.45929310036327,
GIN,2020,945.570903389665,31.5164009990609,2.55139953603925,
GMB,1990,658.711165332156,22.3431942658285,4.19595803109441,15.0076599121094
GMB,2000,659.911237641141,4.56249739677209,2.73837212713207,
GMB,2010,701.014524591061,13.8767105275043,2.90737929979677,45.5351409912109
GMB,2020,670.758642891251,32.34205468872,2.3686612920428,
GNB,1990,569.169670374215,29.925818675468,1.64439069661036,
GNB,2000,571.094015178625,20.0607519051822,2.00706384351502,17.9289207458496
GNB,2010,625.904027290582,19.4936149100766,2.58492032110101,
GNB,2020,710.275129060129,25.6521152299655,2.28895000835492,
GNQ,1990,366.314404747023,,3.75220424317215,
GNQ,2000,3839.08642737128,,5.26428495953201,21.7535190582275
GNQ,2010,10984.3243932426,38.0562994925977,4.59586770504622,
GNQ,2020,5575.26241511492,6.98846405853807,2.73390823188935,
GRC,1990,15438.7937023583,25.4339840826852,1.05780801198192,
GRC,2000,18002.9064613985,26.1132103512829,0.409041838238246,97.0996704101562
GRC,2010,21547.724178239,18.2157587611931,0.128880432668041,107.819053649902
GRC,2020,17486.951333323,13.5410023084822,-0.214592106571664,103.615829467773
GRD,1990,5102.69172981553,,0.839876746030971,91.9722290039062
GRD,2000,6677.1265230922,,0.676075747933343,
GRD,2010,7670.71165827663,,0.297971859311282,117.012619018555
GRD,2020,8413.28335500372,,0.309914935427349,104.298669179131
GRL,1990,26805.5496974442,,0.54102927282477,
GRL,2000,31623.0591501943,,0.151400483121501,
GRL,2010,43481.5161087805,52.3533172325614,0.373924959638993,
GRL,2020,48169.9406957389,33.0152180796327,0.252238303411568,
GTM,1990,2741.53813375037,13.6026147116177,2.80043619096186,
GTM,2000,3165.9323746889,17.8353874290357,2.37572059022903,30.9806594848633
GTM,2010,3546.6258162259,14.1641936924863,1.9815646590713,52.1883200232994
GTM,2020,4005.83911593999,13.5006823739789,1.47137710546514,51.7956964848587
GUM,1990,,,2.0488382898029,
GUM,2000,,,1.11575065774253,
GUM,2010,32644.1484056205,,0.209801847347007,
GUM,2020,32884.8852646787,,0.216072141009173,
GUY,1990,2377.21795364949,31.1330985432403,-0.660706210543192,
GUY,2000,3759.60789699989,23.7759824891985,0.0456413500238234,
GUY,2010,4860.09110980566,,-0.378060196527414,93.2864608764648
GUY,2020,9010.61000469878,,-0.0227843180487706,86.9400100708008
HIC,1990,24715.0139657241,25.9449919046574,0.6299272842616,
HIC,2000,30158.070077562,24.3488695948533,0.505295213959564,98.5795593261719
HIC,2010,34192.5146608152,21.1569569817429,0.445325900959658,101.19947052002
HIC,2020,37538.2523693096,22.6655293178501,0.266061996745819,104.233299255371
HKG,1990,21357.261954163,27.1705247840656,0.321315033221987,
HKG,2000,26933.2377453994,27.58240928418,0.881594075853745,
HKG,2010,38090.0213994329,23.8904664218175,0.734446396338105,87.9053960567278
HKG,2020,41451.2981131333,18.9818868649406,-0.358932661902885,100.449691991786
HND,1990,457.981040092588,20.8145297308561,2.82334774964439,
HND,2000,1789.47798512637,28.2884312103977,2.73259067031821,
HND,2010,2108.47314459603,21.8798406875029,2.12597244017857,66.1681900024414
HND,2020,2189.43168668222,19.666372727561,1.75456432541029,58.4268999434804
HPC,1990,695.248635347885,15.0654261960008,2.688042877857,18.2614898681641
HPC,2000,679.180241236318,20.1502241027801,2.71448952208293,21.4551296234131
HPC,2010,829.378145273867,23.3619073685389,2.7711118820923,35.683780670166
HPC,2020,946.680806659878,24.4126323327254,2.76199816104367,41.8020210266113
HRV,1990,9754.64902543885,,0.211805086145315,
HRV,2000,8880.26980689876,19.3210721914251,-0.986434858645568,
HRV,2010,11965.0049285028,20.3670619597928,-0.226821270818422,98.8955230712891
HRV,2020,13545.4881162417,23.5443662718786,-0.894863743984583,105.585418701172
HTI,1990,1627.31264525633,19.9200669136332,2.05931426942796,
HTI,2000,1342.89490450523,8.32239600531104,1.84581482966936,
HTI,2010,1317.58389339746,24.988217664925,1.16672671353074,
HTI,2020,1331.69778506932,17.70308377994,1.24109993204209,
HUN,1990,8646.44754431988,,-1.03311729690015,
HUN,2000,8979.73578602949,28.1973908964954,-0.259764908288633,96.2051086425781
HUN,2010,11287.3686666108,21.1892791243323,-0.226013875689698,101.997688293457
HUN,2020,14664.2971195385,27.4644940725212,-0.252049642963059,101.993041992188
IBD,1990,2199.53015008287,27.2537671156651,1.74477886299978,52.0505104064941
IBD,2000,2749.80831717138,24.1754746885025,1.23283602771546,61.9828186035156
IBD,2010,4532.44068726031,32.4177909411497,1.02685278367989,78.076171875
IBD,2020,6286.40775617083,33.1889800374848,0.683339753441515,86.5367431640625
IBT,1990,1931.41358300895,26.6077464836654,1.9222014571592,46.4005317687988
IBT,2000,2339.75101446893,24.009176739152,1.49800954857451,54.0967407226562
IBT,2010,3719.8597539937,31.8992396778305,1.34740543625619,66.9524307250977
IBT,2020,4971.5872211169,32.6845690534097,1.08975675424835,73.1505279541016
IDA,1990,874.961182666423,20.9811239430263,2.62584226384615,25.2684993743896
IDA,2000,899.61428305683,23.3702505244014,2.43558263152972,30.5623397827148
IDA,2010,1216.18056240843,22.2144268413509,2.34160294661654,41.545238494873
IDA,2020,1384.63983352976,25.5623644970318,2.20697227672982,48.1654510498047
IDB,1990,1349.0391873597,,3.03693314594321,29.3790893554688
IDB,2000,1294.78635186488,,2.59904378351575,29.419189453125
IDB,2010,1720.09334929676,,2.55223333507348,40.9758491516113
IDB,2020,1918.37984704312,,2.00303566755831,46.746711730957
IDN,1990,1470.91822258528,32.7076900896332,1.81442604896274,46.7410583496094
IDN,2000,1828.10265968361,22.2456969315568,1.43244007763682,55.5976295471191
IDN,2010,2670.8129098953,32.8801214533558,1.26054140134601,75.6519088745117
IDN,2020,3739.44906563161,32.3434120537481,0.849801187379341,96.9345779132931
IDX,1990,625.254543806849,16.2847938439349,2.41168992509797,22.8701496124268
IDX,2000,688.770584647754,21.9366660910615,2.34854445880951,30.9915199279785
IDX,2010,941.170103265961,22.5553136992966,2.22682654798599,41.6973190307617
IDX,2020,1096.83173371503,27.9658946730158,2.3171136555466,49.1507911682129
IMN,1990,28042.4441205102,,1.64736802272855,
IMN,2000,46274.9709691403,,1.15522158904352,
IMN,2010,70747.8417587183,,1.1198352163156,
IMN,2020,86595.0676099275,,0.12736504896945,
IND,1990,537.870269533789,27.3361977013687,2.213130886438,
IND,2000,756.704109527449,25.677316683955,1.87939826197393,47.1734390258789
IND,2010,1235.15939133951,39.7856241847736,1.45460361883041,64.9475936889648
IND,2020,1806.50110583878,28.9223840080659,0.973438646910149,77.9766433254166
IRL,1990,23456.999356198,21.5271166857683,0.0844130206737995,
IRL,2000,42599.4803921319,24.5079507553549,1.33304266586712,105.122367858887
IRL,2010,46991.6464673949,17.2913563758605,0.544884384079014,118.096908569336
IRL,2020,80927.936475395,42.5912041670915,1.26378913010119,135.224670410156
IRN,1990,3222.20102704479,33.0218426264171,2.91140676618439,55.9345512390137
IRN,2000,3885.30183360649,35.1005334892763,1.47619563346635,74.9870910644531
IRN,2010,5249.06133369759,40.262449246465,1.25167392158024,79.0264663696289
IRN,2020,5132.82430762118,47.9209340647566,0.768757498195729,85.1913986206055
IRQ,1990,3526.57925126853,44.3203132683075,1.2400179630516,
IRQ,2000,4172.78025105244,29.1473474951006,3.27752785249419,36.8702583312988
IRQ,2010,3881.94327045302,15.8678653909697,3.23138521802744,
IRQ,2020,4213.99843766061,22.3468589955872,2.21938669515023,
ISL,1990,37302.8060328139,20.4111384376855,0.777662198585402,
ISL,2000,43472.3369863945,24.6194667661392,1.36919283329812,109.021507263184
ISL,2010,49528.4864575422,13.8337714379496,-0.143903000294037,108.819038391113
ISL,2020,52464.3072858637,21.046340093825,1.6230862512591,110.487319946289
ISR,1990,22395.1118825784,22.4076159629045,3.09460300917429,
ISR,2000,29413.4894578106,25.7054135720842,2.64233191305756,98.0492706298828
ISR,2010,33344.7213294093,21.5383508792439,1.82675240987847,96.5111923217773
ISR,2020,37935.5432717179,24.6898161307496,1.76367939210866,96.1416931152344
ITA,1990,27625.1792306413,23.1619903483889,0.0837085729587984,
ITA,2000,32609.66746283,21.3236101039876,0.045303631138613,94.7987899780273
ITA,2010,31928.5543621096,20.7969716146664,0.442226157086815,101.401161193848
ITA,2020,29469.7989238626,17.8986868297166,-0.487095091717782,101.836128234863
JAM,1990,4773.62848195303,,0.757565161496706,
JAM,2000,5197.39692210665,,0.693820204754118,80.0481491088867
JAM,2010,5271.57221477938,,0.421944554103184,89.4939454246108
JAM,2020,5317.84145033966,,0.264166647844328,81.5337816615681
JOR,1990,3202.33686003165,30.7956973669914,7.81519624530496,
JOR,2000,3412.07673213708,22.3615116608599,2.07260479051429,
JOR,2010,4621.5742854131,35.0376311945169,2.15109331746781,87.3644409179688
JOR,2020,3806.87949354914,21.4585413761158,1.79543228239066,90.1992992911958
JPN,1990,28422.2131194472,35.4515796937795,0.33178288536374,
JPN,2000,31430.631130325,28.417439318872,0.167275578113187,
JPN,2010,32942.2020783835,22.5903041279796,0.0179605415195644,
JPN,2020,34642.9718743239,25.2240172261075,-0.294194617750067,102.844802856445
KAZ,1990,5557.08215736977,,0.919690778132869,96.6113433837891
KAZ,2000,4269.33016782791,18.139048031664,0.292205742065896,89.0767288208008
KAZ,2010,8704.70655484556,25.3735490201768,1.29700375015965,98.5237492649908
KAZ,2020,10565.0359816235,28.8069153648376,1.4089156380377,91.9490206290752
KEN,1990,1329.33312766232,24.1640928963226,3.44045635367696,
KEN,2000,1195.41296851656,17.4140906154511,3.01293994477925,40.9617881774902
KEN,2010,1340.16467408856,21.2639987992095,2.90158845467743,
KEN,2020,1609.33414078281,19.6515841707054,1.96197633664853,
KGZ,1990,1203.47208279448,24.0654205607477,1.92530470146006,101.841339111328
KGZ,2000,718.342832397662,20.010037072908,1.18989565060204,82.4341583251953
KGZ,2010,962.764789828724,27.4015935976563,1.4261662918386,87.7688035961973
KGZ,2020,1093.32856461422,25.0304913984711,2.04838545399769,92.1655305586517
KHM,1990,824.051655825487,,4.17106846959568,
KHM,2000,598.561915252147,20.3442509411501,1.59016992993238,18.1284408569336
KHM,2010,1155.85236856699,22.317490039603,1.55621745380597,
KHM,2020,1908.63427518336,31.351227539335,1.47062988552696,51.8196983337402
KIR,1990,1387.65292117411,,2.3081793896625,35.2051582336426
KIR,2000,1555.58190420161,,1.69232269333491,62.1038703918457
KIR,2010,1328.78764145125,15.9162980407214,2.07935139998903,
KIR,2020,1777.0447605811,14.6977990367426,1.74230469268591,
KNA,1990,10136.986550185,,-0.80305887913815,
KNA,2000,14039.0281125333,,1.44021899747842,105.416763305664
KNA,2010,17688.0690103409,,-0.149314248854052,109.923469543457
KNA,2020,18918.8263456611,,-0.174799132141861,111.195206559445
KOR,1990,9672.57845182894,40.1529466515345,0.985130494218767,
KOR,2000,17763.1353417297,33.0175871343191,0.836180864297766,98.0937805175781
KOR,2010,26623.0487122927,32.7792421992313,0.49822508440111,97.2930603027344
KOR,2020,33215.9298928108,31.5248657192138,0.137869266247028,97.0888214111328
KWT,1990,20140.7834697754,17.6251130539644,-27.4707864795381,71.537727355957
KWT,2000,31341.9780819419,10.665237720716,2.83716577319158,85.79931640625
KWT,2010,32568.4981754501,17.6584741694241,5.15506049102987,99.4166345928894
KWT,2020,25541.5378987908,18.6506487501557,-0.951064116715736,
LAC,1990,5718.66957754067,20.0041893504416,1.88620728639692,
LAC,2000,6581.31117825537,19.7491708127344,1.46440925518966,79.9674911499023
LAC,2010,7849.05546645435,21.6938074282513,1.09312877985907,89.624153137207
LAC,2020,7669.33977303708,17.4932229562114,0.830265805089342,97.2736892700195
LAO,1990,634.525297009385,,2.84582324059542,22.8900299072266
LAO,2000,917.228038617529,13.41565795568,1.67898547843134,33.2670707702637
LAO,2010,1564.91068311647,27.4624877401915,1.47192872108695,47.3594398498535
LAO,2020,2529.74622698761,,1.49338675171473,62.4493058083911
LBN,1990,2752.72442253257,31.312690963823,1.96313846488939,
LBN,2000,5958.97836750301,20.4112221368178,1.72552456653499,62.5770492553711
LBN,2010,8955.54336184707,24.9372585130013,0.976748358836896,70.562435785543
LBN,2020,6440.82843092922,8.09817736631194,-1.60386258157574,65.89697761206
LBR,1990,754.134009462384,,-12.4250905106672,
LBR,2000,754.850917360951,,3.70256844774732,34.139778137207
LBR,2010,621.783295071575,,2.89605811562763,
LBR,2020,605.025475431411,,2.07483340649162,37.7416801452637
LBY,1990,11085.9439949716,18.6157605375687,2.32867028630405,
LBY,2000,10853.8059516526,11.8406285072952,1.65322614160708,
LBY,2010,12913.9334939386,19.8007992326027,2.0390577056462,
LBY,2020,6102.79864032512,9.44983047721509,1.3484498033463,
LCA,1990,8418.43121970586,,0.980439316482034,46.7493591308594
LCA,2000,9198.93894352203,,1.21402743138722,70.9955215454102
LCA,2010,10191.3146827694,,0.608614599646534,97.0315628051758
LCA,2020,8379.27495097388,,0.330981923965865,88.7376327514648
LCN,1990,5779.97409629492,19.5719414526184,1.88438626830744,
LCN,2000,6742.02693662191,20.094731411125,1.46006685805087,79.3801193237305
LCN,2010,8060.79704671081,21.6834503918446,1.08873794675901,89.2363967895508
LCN,2020,7812.42544444341,17.5168372688902,0.705164688855901,97.1172180175781
LDC,1990,609.298861926852,,2.47456723528333,17.7526397705078
LDC,2000,638.39449831344,22.2972100376188,2.40585722720125,27.4039306640625
LDC,2010,904.747247036902,24.8851631294529,2.32542713270737,38.0077896118164
LDC,2020,1037.48119670683,27.8619179129385,2.39290685689897,47.123161315918
LIC,1990,667.172051485306,,2.39989393778164,22.2593994140625
LIC,2000,682.327706786891,15.1323471960825,2.61940968797895,24.0485591888428
LIC,2010,853.991903353526,17.2888030089286,2.81881699524429,36.2857513427734
LIC,2020,691.991878569926,19.1297645271297,2.83335690522133,40.6751289367676
LIE,1990,,,1.48971366411381,
LIE,2000,,,1.30732907481793,
LIE,2010,,,0.780339504026041,108.879280090332
LIE,2020,,,0.872668968896405,120.228446960449
LKA,1990,1388.58951823335,22.205889665117,0.637411760252378,83.8623580932617
LKA,2000,1956.93310381072,28.0392736849136,1.82192893868799,
LKA,2010,2993.01411511147,,0.589181271319281,92.3497085571289
LKA,2020,4227.23315306594,32.8711231474519,0.530626559530355,
LMC,1990,845.639010531656,27.1004677457967,2.51412194572947,41.3630218505859
LMC,2000,1026.7038061104,24.2962433244534,2.02184470625096,44.3241806030273
LMC,2010,1531.26610674398,32.5789186318294,1.71918462378512,57.1128997802734
LMC,2020,2021.05503375347,26.4019892346509,1.34923040716142,67.2740707397461
LMY,1990,1637.90975985927,26.3221394610122,2.04466009326852,45.9840202331543
LMY,2000,2169.24580163668,24.2964340942951,1.56284651687511,53.7373313903809
LMY,2010,3513.14255185016,33.3213553096352,1.37561424789051,66.7154693603516
LMY,2020,4809.84896387149,33.738545733455,1.12047507698215,72.8933029174805
LSO,1990,533.824964193999,,1.91128488033215,24.4347400665283
LSO,2000,725.263668707773,,0.0338894483530851,28.7576808929443
LSO,2010,995.233432451681,31.3011900430751,0.772821659424366,54.2426986694336
LSO,2020,944.834128375429,26.2646701221778,1.18432063043163,
LTE,1990,2569.8115455292,27.7014386292427,1.35159218395988,54.1241607666016
LTE,2000,3466.01310620559,25.3460726963599,0.783673440817429,69.2597198486328
LTE,2010,6525.60694866136,33.5922494911582,0.562341466763332,89.2665405273438
LTE,2020,9878.28626310562,35.8801778069221,0.31456700671022,92.259880065918
LTU,1990,8333.3507070025,,0.367999030323355,
LTU,2000,6384.30865426374,19.1446223329092,-0.703385440488978,96.9156875610352
LTU,2010,10884.1161852582,17.8578010235461,-2.09694341985475,105.068267822266
LTU,2020,17443.65526328,16.5198227850463,-0.0256161303326233,105.987487792969
LUX,1990,66027.0750081087,24.7126947108772,1.25174570700817,
LUX,2000,92527.7108705226,22.5591443010138,1.34408299573143,98.0273284912109
LUX,2010,106544.057363484,18.0831934936242,1.8254058035237,100.080001831055
LUX,2020,105274.2471768,17.9294900539992,1.66635867423273,107.078948974609
LVA,1990,7622.69825875963,,-0.142736397581795,
LVA,2000,6336.38296707987,24.9631641629445,-0.963935407092365,90.0659713745117
LVA,2010,10500.8666223014,20.9313394628785,-2.08130508988111,102.822158813477
LVA,2020,14900.7295718866,22.1554259223647,-0.701211570733301,105.956283569336
MAC,1990,31378.8304183133,22.8110599078341,2.98484396444169,
MAC,2000,31772.6302531656,10.3794581271727,0.74592420452155,
MAC,2010,74195.0577762344,13.2455224408891,0.373134761285818,91.1610379698531
MAC,2020,33853.7761550109,26.1685250836783,1.9744268917359,88.5771812080537
MAF,1990,,,6.48031064017155,
MAF,2000,,,2.40227476547467,
MAF,2010,,,0.965137402578689,
MAF,2020,,,-7.51568506574733,
MAR,1990,1695.63647460938,31.0602945352303,1.80543997877046,36.7552490234375
MAR,2000,1957.14135742188,23.8068463049384,1.40392630100829,39.6924896240234
MAR,2010,2767.04223632813,31.4907166374774,1.35274286216317,63.0757983249551
MAR,2020,3090.89428710938,28.7769734233308,1.02565486360782,80.3087996541375
MCO,1990,105878.37276656,,0.906660524051086,
MCO,2000,120456.506337384,,0.138749733197593,149.82096862793
MCO,2010,141814.78664157,,2.4388102675618,
MCO,2020,161262.925884403,,-0.15493904017385,
MDA,1990,3740.10149814887,,0.264729975010194,
MDA,2000,1346.91567176561,23.9469590858874,-0.203371722054682,
MDA,2010,2269.51116145996,23.8517865932859,-0.0998329740168972,87.9811349895035
MDA,2020,3188.91691602699,23.8644443526077,-1.09803165876287,96.1733374702658
MDG,1990,538.536275056569,35.9623142146368,2.95165872036178,17.1746501922607
MDG,2000,465.529509827021,11.9305464071932,3.17297260783499,
MDG,2010,447.417143030687,27.0273897313715,2.90919662127516,
MDG,2020,422.924255422319,17.7153251099228,2.56778870397591,
MDV,1990,4582.26127944099,,3.17495594408846,
MDV,2000,7037.08546104613,,1.64706787778788,51.4409103393555
MDV,2010,8569.52494600725,,3.53092174013543,70.0468136514648
MDV,2020,7295.60220956454,35.5119966004124,2.90711274683574,69.8982015609094
MEA,1990,3503.00938473955,29.6551403224141,3.33042383189562,44.853931427002
MEA,2000,4004.84887081865,21.867879665574,2.33477472991639,50.2143783569336
MEA,2010,4846.87350895943,27.9941149338235,2.05352451276423,55.212589263916
MEA,2020,5033.14208530647,25.4863349063038,1.8265650487491,60.7267608642578
MEX,1990,8036.86114412537,23.270603544648,1.91754932281513,
MEX,2000,9581.96970210753,22.2649246086997,1.54272528221216,71.1195831298828
MEX,2010,9389.06722084275,23.3314894102504,1.43974472572946,87.2729263305664
MEX,2020,9234.64362317923,20.2366593506907,0.820454117563552,102.58154296875
MHL,1990,3148.09977817114,,2.36478740634723,
MHL,2000,3040.59677355737,,0.998938024888359,
MHL,2010,3441.31888402121,42.5252017380509,0.0480478181120274,
MHL,2020,5172.57528216176,20.6942928039702,-3.00092865880133,92.9692493302926
MIC,1990,1702.28337823369,26.833005590141,2.0217942850642,47.7032585144043
MIC,2000,2277.27178754853,24.4860790032218,1.48737272491373,56.2715682983398
MIC,2010,3737.17369206799,33.603418595829,1.2555736244468,70.3685913085938
MIC,2020,5211.08110372645,33.8766367326272,0.955116865970353,77.8046035766602
MKD,1990,3534.32265095546,17.7631578947368,0.390354479735865,
MKD,2000,3283.37934095351,21.8801026358759,0.455448702114895,83.5768890380859
MKD,2010,4582.36517512347,24.4680948373642,-0.63937448291812,85.4283828735352
MKD,2020,5743.72649424581,29.9173738943342,-1.07910572041332,82.4416732788086
MLI,1990,589.775405883669,21.505697909489,1.96820571058385,6.28541994094849
MLI,2000,682.49742045713,17.6850224025008,2.91308874187569,15.6529197692871
MLI,2010,821.181286587872,23.0142230994493,3.2485140091385,36.7189206176726
MLI,2020,872.389426814294,20.6517365321331,3.01751361469378,
MLT,1990,10067.7520087393,30.6266775247271,0.978313699279678,
MLT,2000,17178.3773811056,27.3213666957815,0.645267230900854,91.4956817626953
MLT,2010,20750.6479461598,21.8643920190938,0.49118281065151,105.11385345459
MLT,2020,27861.8202844538,20.1169020286086,2.2716254974907,102.924011230469
MMR,1990,170.233436728781,,1.52506751457934,21.2080993652344
MMR,2000,298.590464510138,,1.11707426022512,39.3193206787109
MMR,2010,854.932478027749,,0.745099607969388,50.8663902282715
MMR,2020,1301.3138635245,,0.711376906349628,
MNA,1990,2055.40315083479,33.1834782928777,3.43521012525697,
MNA,2000,2321.52904553104,22.7796334072619,2.22489913140805,
MNA,2010,2855.29913107747,28.2952604984954,2.16349756712473,
MNA,2020,2829.04712608404,25.8161645082981,1.75398933414753,
MNE,1990,,,-0.0328127540676757,
MNE,2000,4391.36966049063,22.3884042304628,-0.0279740186992493,
MNE,2010,5917.91788713074,22.2701240129796,0.183239906425096,98.99609375
MNE,2020,6351.95486320483,30.0875172767022,-0.0260104378320954,92.3578720092773
MNG,1990,1823.45623781461,29.0673253770095,-1.20653291340797,88.4407806396484
MNG,2000,1598.31282040605,29.0107404848956,1.32711144076984,62.4367294311523
MNG,2010,2611.67326563924,42.0869542882428,1.74992683110286,91.1776885986328
MNG,2020,4066.03410882791,22.3835976647751,1.80542008661223,95.3826370696027
MNP,1990,,,4.8187005236071,
MNP,2000,,,3.63481386361787,
MNP,2010,16293.3059496259,,-2.25570725189976,
MNP,2020,15410.1186923944,,-1.25658949836081,
MOZ,1990,221.048981086396,,1.44375619693715,7.79364013671875
MOZ,2000,287.390630344484,41.1306699228634,2.20366517231952,5.94095993041992
MOZ,2010,494.162859074785,23.195521262122,2.67685903538336,25.1208838457009
MOZ,2020,591.804059985932,44.8266764679686,2.96490034295304,
MRT,1990,1437.75048235693,13.9512795840132,2.5335174710203,13.6398897171021
MRT,2000,1304.64439067179,11.2958008872593,2.78353822069134,18.0476703643799
MRT,2010,1460.19179652873,32.2510831347375,3.19159403639576,20.4244003295898
MRT,2020,1553.30615586591,38.6593231676652,2.92092559048913,36.0277030077074
MUS,1990,3859.6444147337,29.8090928744593,0.712313471132199,
MUS,2000,5744.19830169899,25.6366228937284,0.982676166064297,
MUS,2010,8114.82056038003,26.7282315985642,0.237886692890185,86.9073104858398
MUS,2020,9483.67602630847,17.9660771142475,0.0022906802096937,89.5019998431496
MWI,1990,353.771303717595,,3.94913594593981,17.3963298797607
MWI,2000,418.592985038462,,2.39808527580859,31.0989303588867
MWI,2010,508.088650552846,,2.94779608735928,33.6619814891638
MWI,2020,559.447086086067,16.7106351396417,2.63573735113183,41.4565075090498
MYS,1990,4184.76072928976,32.3603261645435,2.94872577944909,65.0170516967773
MYS,2000,6455.61419792583,26.8674891484592,2.34480241175698,76.4828262329102
MYS,2010,8118.92270511981,23.3865410976414,1.87040612656176,77.2140274047852
MYS,2020,10171.4657842762,19.6580082281542,1.33363323143911,73.2459411621094
NAC,1990,38290.0952971409,21.5093792934275,1.16724566944081,
NAC,2000,47364.7456727428,23.4697871555051,1.09487429044742,94.7886123657227
NAC,2010,51440.0804801458,19.1365502498694,0.872248322965573,96.102783203125
NAC,2020,57470.4195194401,21.784323148841,0.477755736563311,101.317161560059
NAM,1990,2857.33777498196,27.0575365252196,6.04762452874674,38.9285697937012
NAM,2000,3083.59657884697,17.0414659698036,2.35219877188535,63.7193412780762
NAM,2010,4165.12990200988,23.7799989593426,1.54841464345813,68.0998401813149
NAM,2020,3787.49943973286,13.9292034235476,2.91019887709682,82.8872992484077
NCL,1990,,31.3999986004225,2.54084862578377,76.5922012329102
NCL,2000,,22.9397967696956,2.07015601128576,
NCL,2010,,42.4438821088297,1.66994351621015,
NCL,2020,,27.31694264264,0.200781353226217,
NER,1990,465.923889536505,11.2847868096636,3.07948454709256,5.59699010848999
NER,2000,392.898616941042,13.1422096449305,3.46716382832898,6.30063009262085
NER,2010,441.079166112039,32.6404605165102,3.72535077368531,12.8063202484136
NER,2020,533.194328910254,28.4897323087862,3.29977391625444,
NGA,1990,1577.19616627741,,2.70288804324942,23.9810009002686
NGA,2000,1421.67987952013,,2.67439784501828,23.9613494873047
NGA,2010,2315.46676509663,,2.795149361277,41.7837982177734
NGA,2020,2228.68631422888,,2.13029714344341,44.1220893859863
NIC,1990,1260.87382799969,19.2758024767105,2.33532526542317,35.6191902160645
NIC,2000,1458.37490084556,26.6547531947905,1.3755333704478,53.405029296875
NIC,2010,1704.37875049059,24.8398681398148,1.41916789623706,71.3924407958984
NIC,2020,1950.19181218473,20.3366366143416,1.25084741191992,
NLD,1990,31308.9134208148,23.9012711605125,0.688603823438797,
NLD,2000,40665.338169599,22.4588724676077,0.714770362784392,123.295211791992
NLD,2010,44659.272839058,20.0371060399178,0.512923100553586,124.569526672363
NLD,2020,47086.5804192702,21.3519779830807,0.55554079025497,136.284164428711
NOR,1990,49937.4557649197,24.7645897039585,0.344151412835214,
NOR,2000,67846.5968643534,21.8180384485916,0.649044821192665,116.452041625977
NOR,2010,72804.3956188398,24.9886867450873,1.24566617956207,112.978569030762
NOR,2020,75287.2059527598,31.3521157276673,0.588757324043059,119.941543579102
NPL,1990,422.724738575869,18.1258219231067,2.41969921944806,32.03369140625
NPL,2000,547.221082273632,24.3148663462349,1.73127486408485,34.4201507568359
NPL,2010,721.265221364302,38.271206448162,0.619710468212554,55.5892906188965
NPL,2020,1031.53618783934,30.4402815098213,1.92583106605859,85.3101577758789
NRU,1990,20706.6309011684,,2.44068500570903,
NRU,2000,6079.96620774489,,-0.186686372077639,46.8175392150879
NRU,2010,4748.76539924078,,0.269206005345923,
NRU,2020,7770.69883784016,,0.482136103995375,80.2433776855469
NZL,1990,26395.6955991067,20.4710549476533,0.92322272881111,
NZL,2000,30853.807635459,22.0345630387436,0.587564086381346,112.153717041016
NZL,2010,35489.7631519026,20.3756573267404,1.1117260560215,119.128967285156
NZL,2020,39785.473128643,23.1117429315929,2.03338779187545,116.893188476562
OED,1990,25156.9617805775,25.8468019520641,0.890400345048058,
OED,2000,30592.0378269081,24.3139469368631,0.713186353783694,94.4926071166992
OED,2010,33528.4100044688,20.99196365578,0.677505276897995,99.3854675292969
OED,2020,36444.6516392817,22.6817813136877,0.377835338214323,106.394569396973
OMN,1990,16629.4556601528,10.8405955684083,5.10118491533865,
OMN,2000,19881.7364316776,22.5837734261812,1.2887385532573,77.5544662475586
OMN,2010,22766.0503620721,29.3865546218487,2.6751170964985,
OMN,2020,17743.8858800477,27.6206693345028,-1.50860829621662,94.5432460924967
OSS,1990,7042.83612884935,,2.07454664921959,43.6611709594727
OSS,2000,8348.27646209373,24.8220196301468,0.304071119083061,52.9925804138184
OSS,2010,9829.37376191878,23.7061166083862,1.11211730324926,66.2179565429688
OSS,2020,10962.0788606767,24.3682907818577,1.0966115325234,72.9210891723633
PAK,1990,950.884644833285,18.9353730330174,3.34304854189447,20.205810546875
PAK,2000,1049.54229686852,16.3106779166157,2.82475983542412,
PAK,2010,1256.69482201323,15.9615524272363,2.47081701538021,29.2962900661933
PAK,2020,1526.00597486307,14.8155399944077,1.80375141301202,
PAN,1990,4828.75877741909,21.1406866090547,2.13050689339337,60.4366607666016
PAN,2000,6856.1491877083,28.4060430231237,1.96400557919623,64.2499084472656
PAN,2010,10698.0717490512,37.34120254137,1.78385792968885,71.9136975816467
PAN,2020,12647.0826553801,23.9546077936228,1.37340966978709,
PER,1990,2706.92253156841,16.1644055092045,2.21460821954372,66.3794174194336
PER,2000,3286.27308475523,19.6279847605546,1.56043059120612,80.8428726196289
PER,2010,5167.39259325937,23.7605090406542,0.652636898148331,96.13037109375
PER,2020,5831.83024758521,18.1912588877919,1.19250495254373,100.138702392578
PHL,1990,1704.07568899121,23.3317105849887,2.56122112841079,70.713493347168
PHL,2000,1793.34761146436,15.684364157955,2.37926588939747,
PHL,2010,2373.14312064664,20.4417711390659,2.04795425200975,
PHL,2020,3198.66690008413,17.4333790282876,1.1455140860985,87.9419879481158
PLW,1990,14267.2030292809,,2.07926971736973,
PLW,2000,12346.4680054398,,1.45489580126701,91.4381866455078
PLW,2010,13206.5122645,25.5895440521578,-1.68714418256042,
PLW,2020,14532.9898440558,41.7198941678954,-0.0337173366498603,160.800003051758
PNG,1990,1892.30679279448,24.4424972368507,2.61054096368867,12.8674402236938
PNG,2000,1989.57882204274,21.892017091559,3.44925161413658,
PNG,2010,2140.50939027384,,3.01998467654888,
PNG,2020,2438.61137922293,,2.12866309675902,44.5528199220061
POL,1990,5111.3453296443,,0.392398205207372,
POL,2000,7401.57697647848,24.6999676719407,-1.04433539837844,100.596076965332
POL,2010,10808.3975674238,20.8586688863455,-0.285609121534849,100.207778930664
POL,2020,15090.2228440113,18.8394051569485,-1.19164026205913,112.576263427734
PRE,1990,1131.41167596611,,2.58686732827325,19.9569206237793
PRE,2000,1079.42708690405,,2.80153478897719,22.3957004547119
PRE,2010,1412.49898242198,,2.93512437276865,36.8658103942871
PRE,2020,1406.48382617164,,2.67116196637692,43.6063117980957
PRI,1990,18733.6452536405,16.9543645701062,0.890295757233682,
PRI,2000,26131.9630643584,19.7145610014619,0.276558688867414,
PRI,2010,28569.5077088001,9.16037905577584,-0.427201373092374,87.0993194580078
PRI,2020,28144.7223184239,10.880928994123,-0.640952967813737,
PRK,1990,,,1.46851717868943,
PRK,2000,,,0.713737031349431,
PRK,2010,,,0.436879111426513,
PRK,2020,,,0.378273559953142,
PRT,1990,14593.2706053569,27.721131452629,-0.217948479672573,
PRT,2000,18822.0933092937,28.7766387963597,0.702859953319024,108.372886657715
PRT,2010,19698.6836791397,21.1994526798182,0.0459100367184907,107.523330688477
PRT,2020,19778.7139525722,19.4185791809348,0.10511412524675,118.68286895752
PRY,1990,4059.77343113365,17.8089132669601,2.71114328092203,32.9381713867188
PRY,2000,4074.48953320457,17.3392448147808,1.93460053752763,64.4096298217773
PRY,2010,5191.05014254362,23.834958440668,1.16985801191993,73.1651100594436
PRY,2020,6109.19608100826,20.0414603496263,1.35198907049682,85.6669309236136
PSE,2000,2436.01207739636,31.5026891691395,2.55523569844846,76.0071334838867
PSE,2010,2927.08101953403,19.847131126375,2.59703221798976,89.1773371332236
PSE,2020,2922.46801084844,24.3038431079663,2.48654993848325,90.2544056722155
PSS,1990,2973.33795418657,,1.51553174263172,61.8479499816895
PSS,2000,3176.39794860245,,1.37976133820373,60.8162803649902
PSS,2010,3408.1961416575,,1.183838881745,73.0664367675781
PSS,2020,3525.38600970306,,1.04048475391698,73.7883224487305
PST,1990,27762.1503328116,25.8913637314916,0.644464825872164,
PST,2000,34226.7039362383,24.4311059219751,0.506639541129563,100.300071716309
PST,2010,38170.9680272624,20.8322582188432,0.474124527896789,102.897079467773
PST,2020,41771.300719227,22.3710598108246,0.188955928303597,105.267570495605
PYF,1990,25307.7045477138,,2.04905798046173,67.6615371704102
PYF,2000,22498.8285530328,,1.56922864809839,
PYF,2010,19913.0252687915,21.1616841006284,0.406991623911333,
PYF,2020,19026.790444196,21.095927488638,0.0626967129843171,
QAT,1990,40125.3967011798,,3.35643602188212,
QAT,2000,52234.3615212341,20.1512854623643,5.16843199678991,
QAT,2010,72333.8027430124,31.6551222991847,0.491609879237911,98.150178716375
QAT,2020,57769.5836053284,43.8491508547382,5.72571544841687,105.869328366077
ROU,1990,5019.43702748333,30.2482806853946,0.17417662808295,
ROU,2000,4569.31124324524,19.6695811091698,-0.129440039806255,82.38330078125
ROU,2010,7660.70667630517,27.1890794202952,-0.593959183588628,102.467903137207
ROU,2020,10854.049431887,24.3319634913981,-0.550759892541776,86.416877746582
RUS,1990,7849.51904296875,30.1303942874884,0.168017665366762,
RUS,2000,5323.66650390625,18.6937601947688,-0.420614990249978,
RUS,2010,8755.1201171875,22.6150505519736,0.0448964884428055,
RUS,2020,9632.3251953125,23.4558291480158,-0.143202031827637,91.5812884026933
RWA,1990,368.219602425258,14.6499832156687,2.61829283647187,
RWA,2000,333.355090143084,12.2911723538114,0.806991709703052,
RWA,2010,583.371416419483,20.5325011611394,2.52365134392041,32.4029083251953
RWA,2020,826.391307701022,23.7346563348968,2.24244883430144,
SAS,1990,543.339636536863,26.7468455295793,2.16740973841702,
SAS,2000,758.133172484319,26.1066188065721,1.87010525668308,47.5083808898926
SAS,2010,1222.51823014544,39.1895716886255,1.36549213990938,63.2981491088867
SAS,2020,1806.99045389559,29.3401016860698,0.970749727379122,77.0081481933594
SAU,1990,25918.9650837526,15.6840133931105,4.93426587149085,
SAU,2000,22247.8566987439,19.3169649955465,4.45983244526442,
SAU,2010,21830.1424272816,30.9262320159049,-0.992481797243179,
SAU,2020,22827.671935548,23.3158218039549,4.833138517103,104.411027399625
SDN,1990,764.450439453125,10.4369308817555,2.03430893863514,
SDN,2000,1111.11865234375,24.8880308630392,2.49754561643296,
SDN,2010,1311.22314453125,20.3985392323003,2.41578933319134,39.6667785644531
SDN,2020,1056.86474609375,5.78653523341068,2.6882512565735,
SEN,1990,990.777522619822,14.5972584845911,2.86848639350223,14.357439994812
SEN,2000,1048.37474052363,22.3732272873417,2.41009917724256,15.2092504501343
SEN,2010,1153.53431121583,20.0869466642817,2.38690195279185,37.1267013549805
SEN,2020,1361.79143748646,35.632965093467,2.63303572524896,44.7866297761573
SGP,1990,23272.7000932159,35.6531138861975,3.88909360745296,
SGP,2000,34890.0811365168,35.1740359977879,1.73204223254257,
SGP,2010,48752.0515441859,27.6582275190447,1.77183287926401,
SGP,2020,59189.70385743,22.8053955630909,-0.311904961250833,103.115839213946
SLB,1990,1805.73206812837,7.54537821282825,3.11124698251204,13.3273401260376
SLB,2000,1747.71796168688,7.62912028660779,2.28927444576947,19.1796207427979
SLB,2010,2058.95691648883,17.9438829858377,2.82139788482931,50.952808380127
SLB,2020,1930.65510307199,16.7238165802949,2.22072148638778,
SLE,1990,992.259351903398,13.0059154757791,3.95613903304841,16.6202907562256
SLE,2000,727.240914632596,1.09681037230364,2.41540405213567,
SLE,2010,902.769891411394,34.433555789299,2.72150859888002,
SLE,2020,1010.25294614757,15.3412107315104,2.30847202655897,62.5606803894043
SLV,1990,2348.20460167761,13.8129021152629,1.88340510512497,
SLV,2000,2964.89346881406,17.6690604559246,0.497012728838862,54.8399314880371
SLV,2010,3398.49346060363,16.6715814032151,0.329632681613896,68.1448218125398
SLV,2020,3808.53195436409,17.2116179042815,0.198362574897496,65.1837191291627
SMR,1990,,,1.37684733107899,
SMR,2000,55806.9219720449,,1.27682083101072,
SMR,2010,49672.6977770842,,0.615052590123215,66.6119766235352
SMR,2020,40506.8521137898,18.05086817635,0.308211037123611,61.8604651162791
SOM,1990,259.400021870078,13.783028588497,-0.450864809500564,
SOM,2000,233.032393086265,,4.00097862828906,
SOM,2010,329.970504936941,,2.48169887268086,
SOM,2020,462.867053737236,16.006026889198,3.79592066888979,
SRB,1990,,,0.0525591771428475,
SRB,2000,3542.35365914848,9.06363107933195,-0.319524801286905,91.1882629394531
SRB,2010,5690.70327182682,17.3241841893613,-0.402005900874718,91.4276275634766
SRB,2020,6850.96742168834,24.0974936172696,-0.666107601320794,92.2411727905273
SSA,1990,1379.94647152079,23.2262928921492,2.69259311685165,22.6359691619873
SSA,2000,1300.93157211291,22.8187914246268,2.61361550472722,25.4297409057617
SSA,2010,1667.51820351409,23.5572587441409,2.74695987259406,38.6344184875488
SSA,2020,1613.92902099825,18.8789527383369,2.55803335029237,44.7030181884766
SSD,1990,,,0.516440812279898,
SSD,2000,,,4.41687038815206,
SSD,2010,2295.07026096006,10.2896550768433,5.29254618151503,
SSD,2020,,,2.60487164966918,
SSF,1990,1279.18581775691,22.9477978307515,2.78401580624554,22.6459808349609
SSF,2000,1197.83286103765,22.8785984953851,2.65831046632059,25.4356002807617
SSF,2010,1542.53215408965,23.5907011298288,2.75588804167845,38.6372413635254
SSF,2020,1529.24894566347,19.9016690576482,2.57341526368873,44.704761505127
SST,1990,6835.19924685938,,1.61939933416913,52.0605392456055
SST,2000,8220.23901042675,23.8690562402233,0.56346741191941,59.234790802002
SST,2010,9921.82379714539,23.6457548627131,1.00805671545675,70.7695770263672
SST,2020,10330.2244204664,23.9743706752205,0.920713681116119,74.8698806762695
STP,1990,967.490807502814,,2.47050130575644,
STP,2000,959.938180991352,,1.10033924534294,
STP,2010,1216.3502521663,,2.1960816383463,50.2788581848145
STP,2020,1430.84119299096,,1.87691054092554,
SUR,1990,6474.95571162121,,0.995011266767108,53.3289489746094
SUR,2000,6128.31602380553,,2.06184130338408,
SUR,2010,8603.90786745855,36.2044525973484,1.16234546951658,71.4902572631836
SUR,2020,7213.10766669943,,1.07530477821816,73.11669921875
SVK,1990,8597.46391527645,29.8754184448103,0.439617094726275,
SVK,2000,8997.21199594319,27.8153225458448,-0.135376487794425,87.4875564575195
SVK,2010,14596.1477776887,25.3783368279954,0.0931912731899838,94.7793426513672
SVK,2020,17763.8563847352,20.2268098788151,0.0857694756149868,90.813346862793
SVN,1990,13615.5858551079,17.4529352051393,0.0906243427921073,
SVN,2000,16146.1216848394,29.0574911701523,0.29607496005045,102.752769470215
SVN,2010,20444.1201295876,22.5601344858632,0.43607948463593,98.5378189086914
SVN,2020,22811.8050540778,20.1896719461532,0.669754656164979,110.359169006348
SWE,1990,34903.3480401006,29.1105249361854,0.772602675661167,
SWE,2000,41561.7747635857,22.2311755975548,0.160575484575313,151.756378173828
SWE,2010,48205.5492512742,22.4219023210946,0.852524628765313,102.25106048584
SWE,2020,51624.5811789573,24.4207542408468,0.722703912882934,136.426132202148
SWZ,1990,2027.97481893357,,4.05007206685909,
SWZ,2000,2273.04683761056,,1.02616676195214,43.3038711547852
SWZ,2010,3069.52175725884,,0.586161116007687,64.5977020263672
SWZ,2020,3609.3669136859,15.2902282173586,1.0836305772053,
SXM,1990,,,6.98052078388536,
SXM,2000,,,-0.660731148699809,
SXM,2010,38403.0705201664,,0.900652591853574,
SXM,2020,28920.3773007159,,1.53087407274557,
SYC,1990,8779.85231337378,24.2633008167867,0.490359665520713,
SYC,2000,11703.7535246117,24.9183939465335,0.892658566766174,76.5603332519531
SYC,2010,12313.5566919249,37.0314238165867,2.79232906929128,70.6972427368164
SYC,2020,17048.361729788,21.3213198960022,0.853707878128979,102.18818380744
SYR,1990,931.885068358616,,3.23272086100047,50.2651405334473
SYR,2000,1248.38488334216,,2.49405999884142,43.7118301391602
SYR,2010,1526.36894402751,,2.27386735787712,70.8321380615234
SYR,2020,740.811397013438,,3.36188761247899,39.0727806091309
TCA,1990,,,4.32740915412679,
TCA,2000,,,4.20351344193977,79.0275802612305
TCA,2010,29111.8729223189,,3.94722663611378,
TCA,2020,33739.4253991739,,2.78709560637585,91.187270501836
TCD,1990,602.670685766624,6.75350745613147,2.76650764072333,6.07534980773926
TCD,2000,530.600331270541,23.2739022193722,3.45886279310456,10.964280128479
TCD,2010,956.953018715651,21.8544482247032,3.46077094768596,22.369271805704
TCD,2020,884.980541933197,22.7874455493419,3.18197036099619,
TEA,1990,1085.41586339355,33.7839964544776,1.6165545825019,40.3148994445801
TEA,2000,2157.91938010453,30.3223471911258,1.00260715390457,58.4025802612305
TEA,2010,4852.74429762631,42.2388539632697,0.745622555784235,82.7601089477539
TEA,2020,8386.63950211,40.2379934920553,0.453261414135534,88.5766220092773
TEC,1990,5339.13366319484,29.3210567045259,0.644574722937747,
TEC,2000,4430.11168037444,21.7616116652965,-0.0516989573263383,89.4128036499023
TEC,2010,6986.9535552226,24.1270496336655,0.369045723134963,92.3682632446289
TEC,2020,8778.05956344465,24.7679986562106,0.196606051680253,97.6678695678711
TGO,1990,703.623952029279,36.1405141327804,2.92706719938482,19.9296493530273
TGO,2000,679.533421599502,29.4974703074911,2.75685668978126,31.6074600219727
TGO,2010,644.5632812645,15.8404247844887,2.72101716624637,
TGO,2020,808.300697079208,19.8105297114895,2.41247393684318,
THA,1990,2631.51971095863,41.3537625860488,1.63811607952745,
THA,2000,3514.71662970608,22.2826056940878,1.13127017975852,
THA,2010,5059.35747831657,25.3566546340746,0.670617338343587,78.3943786621094
THA,2020,6035.18627737077,23.7553851722696,0.166540794566251,82.3668560969625
TJK,1990,1312.94701318034,,2.46625645196378,
TJK,2000,429.537300984643,9.41400347008451,1.22252956506886,71.9670562744141
TJK,2010,770.604105393791,23.8461818667509,2.13859732955825,83.9114990234375
TJK,2020,1171.90127480359,33.4749512555638,2.27553632959872,90.9012072790342
TKM,1990,3495.74838854006,40.0,2.6433634576391,
TKM,2000,2255.01496788934,34.7386559448593,1.99474439724003,
TKM,2010,3900.14237925855,51.8808271961717,2.0473578649564,
TKM,2020,6965.11226889286,,2.12265535789649,86.8120225282998
TLA,1990,5654.11683546753,19.4974647254592,1.91628157061624,
TLA,2000,6609.80119656787,20.2047753294762,1.49578815559574,79.2825164794922
TLA,2010,7913.95492804608,22.0405725234113,1.11973184926313,89.2030792236328
TLA,2020,7684.38521376063,17.8509999941904,0.730174026610969,97.0555877685547
TLS,1990,633.18248660316,,2.05813665395536,
TLS,2000,1117.56432347244,33.5311847889519,-11.356645253535,
TLS,2010,1195.38066079604,42.7178116804653,2.41648998363508,68.3026309590313
TLS,2020,1947.83992943521,16.4657019820047,1.91159373351817,84.7410404382553
TMN,1990,2053.97528337977,32.955763749756,2.88620335885177,
TMN,2000,2320.80541483788,22.7121735185342,2.22280441613587,
TMN,2010,2854.82931988365,28.3480511073094,2.16064221940925,
TMN,2020,2828.39465134815,25.8304967647651,1.74889177292591,
TON,1990,2987.63681443977,18.4932996276061,0.2983382674185,
TON,2000,3866.68574867282,20.2585110596869,0.616444657597358,100.165519714355
TON,2010,3653.97801722796,29.15474136719,0.183594875501069,105.640548706055
TON,2020,4647.0076512901,24.5728729162426,0.0331168127621577,90.4639980016237
TSA,1990,543.339636536863,26.7468455295793,2.16740973841702,
TSA,2000,758.133172484319,26.1066188065721,1.87010525668308,47.5083808898926
TSA,2010,1222.51823014544,39.1895716886255,1.36549213990938,63.2981491088867
TSA,2020,1806.99045389559,29.3401016860698,0.970749727379122,77.0081481933594
TSS,1990,1279.18581775691,22.9477978307515,2.78401580624554,22.6459808349609
TSS,2000,1197.83286103765,22.8785984953851,2.65831046632059,25.4356002807617
TSS,2010,1542.53215408965,23.5907011298287,2.75588804167845,38.6372413635254
TSS,2020,1529.24894566347,19.9016690576482,2.57341526368873,44.704761505127
TTO,1990,6058.21521640153,,0.850752261763777,83.2187423706055
TTO,2000,10023.0206669207,16.7852491790067,0.384592207827917,
TTO,2010,17938.0949459463,23.1421157657785,0.579036711567976,
TTO,2020,15679.9611486825,20.515037518445,0.200680476473799,
TUN,1990,2114.47034536085,27.0680584705567,2.09824676539887,43.0990982055664
TUN,2000,2864.54703666618,25.8988088362201,1.12222559070037,72.4827117919922
TUN,2010,3906.90625867605,25.8362686991415,1.07673286637757,88.1112289428711
TUN,2020,3749.26841452928,12.6882289097848,0.830022185577052,
TUR,1990,5188.18244439241,24.5492675167824,1.87208457619709,
TUR,2000,6326.25746472488,24.011318241332,1.28297648712556,74.5879898071289
TUR,2010,8472.57809050119,28.4520777825517,1.51943093763293,84.2024002075195
TUR,2020,12338.643833135,34.1540560799477,0.970386031353162,112.527458190918
TUV,1990,2450.79726036268,,1.55787801340932,83.780158996582
TUV,2000,3056.55101983122,,0.504202748824808,
TUV,2010,2879.29645720352,,1.45198280440794,
TUV,2020,4233.0183205634,,-1.73502922439289,77.0771513353116
TZA,1990,541.544799804688,17.9814198491277,2.60523548410201,
TZA,2000,555.348083496094,17.462796824131,2.84152432501121,
TZA,2010,801.29931640625,32.0172443063631,2.54448522649017,31.8920497894287
TZA,2020,1041.25964355469,38.7464874924603,2.99305168844906,30.9205938581875
UGA,1990,369.839286985576,12.7040800379721,3.2344599665248,11.0182104110718
UGA,2000,509.19755319016,19.483821715744,3.14418360294887,
UGA,2010,768.624091660131,27.1039553534011,2.9438913354304,
UGA,2020,917.0350317644,24.2159505553913,3.33341751069644,
UKR,1990,3102.310546875,,0.262138262818918,
UKR,2000,1409.22265625,19.8037790697674,-0.843515300409476,97.8325805664062
UKR,2010,2285.93383789063,18.3723680042121,-0.360396778842802,98.1416817681323
UKR,2020,2324.107421875,8.93229932738453,-0.619037730087783,84.4283338575221
UMC,1990,2402.94782233382,26.9905993597954,1.62089988511727,51.8381881713867
UMC,2000,3401.7581851933,24.6083181619435,1.00921793611471,67.0187606811523
UMC,2010,5923.1985183612,33.8943674288794,0.798255018018448,87.8220291137695
UMC,2020,8611.33439075379,35.7316260244866,0.536733852008647,94.2850799560547
URY,1990,8320.3559048693,12.2008510128042,0.5863044602648,
URY,2000,11096.3309569487,14.4570209010912,0.373944815859448,96.8511276245117
URY,2010,14722.3780081191,19.4076054759968,0.256129913246022,98.6642990112305
URY,2020,16443.3635000843,16.2336764872534,0.0518527053450753,116.991828918457
USA,1990,39009.3725082423,21.5292134484762,1.12965052045579,
USA,2000,48379.7551705781,23.6783758995788,1.11276899679534,
USA,2010,52555.7695134023,18.6722216698461,0.846129865832117,
USA,2020,59194.6665172031,21.7174460747964,0.408427566758519,100.509819030762
UZB,1990,1569.01079980159,,2.41231876405867,
UZB,2000,1269.72137546219,19.6000122865217,1.26281282930164,85.3468933105469
UZB,2010,2144.6400056546,27.1781979326708,1.58433607799586,89.9835586547852
UZB,2020,3249.05191094018,37.5933580339099,1.86830671569358,90.0642970154019
VCT,1990,3784.79942946706,,0.484123518217095,
VCT,2000,5067.96739467376,,0.157771141222912,78.9735565185547
VCT,2010,6678.04200697308,,-0.498034748761649,110.652717590332
VCT,2020,7989.74651933597,,-0.617259161571258,
VEN,1990,3762.27506756855,9.88970986648743,2.44084938719203,53.3853302001953
VEN,2000,3740.0195496928,24.1703919915729,1.89379499634952,59.0772895812988
VEN,2010,4332.02681796507,21.9716579748512,1.30934216855774,80.7240982055664
VEN,2020,1255.37263090506,9.20648260090937,-1.72190477685565,
VGB,1990,,,3.39366850066762,88.5830001831055
VGB,2000,,,2.55699302788739,96.0634918212891
VGB,2010,,,1.66509594565746,105.89769744873
VGB,2020,,,2.01285185510385,73.9501779359431
VIR,1990,,,2.85086915459893,106.12915802002
VIR,2000,,,0.0395873712251061,
VIR,2010,47162.7375570431,,-0.0433657352905335,
VIR,2020,35850.7433148653,,-0.35593743409178,
VNM,1990,687.860316254161,,2.09368868105156,35.1179084777832
VNM,2000,1212.19657794381,29.6099138223826,1.12950984166849,
VNM,2010,2027.58184375924,37.0990761715168,1.14440259659988,
VNM,2020,3303.16949807493,31.915688393806,0.927434295850725,93.1921389514105
VUT,1990,2637.26084848443,31.1649552329405,2.50991100361919,
VUT,2000,2841.73909435642,19.9139980235571,2.29858977943606,34.476390838623
VUT,2010,2856.77377649901,37.0068927318604,2.34288677835416,55.240120859084
VUT,2020,2771.87098808052,33.2424782471957,2.32661131084294,59.1688003540039
WLD,1990,6783.2055889084,26.0936120299994,1.74350563960908,53.2033500671387
WLD,2000,7858.90796621258,24.4624865317714,1.36404895949606,59.471851348877
WLD,2010,9298.74987325049,24.5624976427012,1.21683691645466,70.9471435546875
WLD,2020,10541.8118545305,26.4353007729319,0.981789958072561,76.5068206787109
WSM,1990,2534.12204893501,,0.162221402615498,
WSM,2000,2945.37217923198,,0.779095553168233,77.3879165649414
WSM,2010,4081.15535978003,14.6447083760345,0.785366135493998,84.0352967940982
WSM,2020,4283.06392492734,33.1905048673993,1.0262726301153,
XKX,1990,,,1.40053802870022,
XKX,2000,,,-3.75823655438575,
XKX,2010,2822.63359634011,33.1284870466064,-0.331415173591033,
XKX,2020,3990.94613053859,33.4061275308265,0.0704099058940516,
YEM,1990,1722.22439411789,,3.8437676769055,
YEM,2000,2114.67265566851,,3.07742893586094,
YEM,2010,2356.19960422096,11.66108310249,3.13856389755931,39.0662307739258
YEM,2020,,,2.87320414785733,
ZAF,1990,4544.23023212165,18.2312412035802,2.78138037228425,67.8069534301758
ZAF,2000,4700.87555500704,15.0602810875446,0.914659168313889,74.3193817138672
ZAF,2010,5953.94506512821,17.5956446037105,1.1829095702162,86.5922045596808
ZAF,2020,5569.58483319272,12.3455441478462,1.62216431400652,103.501178102472
ZMB,1990,878.589205998477,,2.56206623134577,20.5650405883789
ZMB,2000,804.48463418783,,2.8105009556372,
ZMB,2010,1183.41712409199,29.8740056918705,3.46192274224024,
ZMB,2020,1228.73500113195,32.2448509806584,2.9041649369132,
ZWE,1990,1653.56521361694,17.3769427588351,2.72471534157706,45.1692810058594
ZWE,2000,1677.34896793251,13.5696410562881,0.917384654947152,40.0179290771484
ZWE,2010,1056.20884563889,18.7628395343529,1.61334322032425,
ZWE,2020,1230.81933361016,11.2139243786572,1.65935280874134,
